Grapheme	IPA	EXAMPLES	LANGUAGES	FREQUENCY	CODEPOINTS
^	NULL				
$	NULL				
a	a	lang, lam	tangkhul, jingpho, dimasa, manipuri, liangmai, chang, burmesewritten, lushai, mikir, lotha, aomongsen, zeme, konyak, aochungli, nruanghmei, tibetanwritten, khoirao, maring, wancho, puiron, mzieme, phom, maram, sangtam, ntenyi, nocte, yachamtengsa, mao, sema, tangsamoshang, yimchungru, tangsayogli, rengma, angamikhonoma, angamikohima, chokri, meluri, kezhama, tengsa, yacham	13098	U+0061
n	n	lang, tang	mikir, aochungli, aomongsen, tangkhul, lotha, sangtam, konyak, manipuri, chang, lushai, nruanghmei, dimasa, phom, jingpho, zeme, liangmai, rengma, mzieme, ntenyi, yimchungru, puiron, khoirao, wancho, maring, maram, nocte, yachamtengsa, sema, angamikohima, mao, tangsamoshang, tangsayogli, tibetanwritten, angamikhonoma, chokri, meluri, burmesewritten, kezhama, yacham, tengsa	7960	U+006e
e	e	tei, lei	zeme, angamikohima, aochungli, angamikhonoma, mikir, rengma, mzieme, aomongsen, konyak, nruanghmei, lotha, ntenyi, chang, phom, sema, lushai, tibetanwritten, manipuri, tangkhul, mao, dimasa, liangmai, meluri, maram, sangtam, puiron, yimchungru, chokri, yachamtengsa, khoirao, nocte, jingpho, kezhama, maring, burmesewritten, tangsayogli, tangsamoshang, wancho, yacham, tengsa	6254	U+0065
i	i	ching, hing	zeme, angamikohima, liangmai, nruanghmei, sema, tangkhul, mikir, lushai, konyak, dimasa, manipuri, sangtam, mzieme, chang, aochungli, yimchungru, jingpho, angamikhonoma, aomongsen, lotha, phom, tibetanwritten, puiron, mao, maring, burmesewritten, rengma, khoirao, wancho, ntenyi, maram, nocte, tangsamoshang, chokri, meluri, tangsayogli, yachamtengsa, kezhama, yacham	6191	U+0069
◦	+	a◦li, a◦sa	aochungli, lotha, aomongsen, sangtam, tangkhul, sema, mikir, yimchungru, ntenyi, zeme, tibetanwritten, angamikohima, jingpho, manipuri, dimasa, burmesewritten, lushai, liangmai, chang, konyak, mao, angamikhonoma, meluri, mzieme, nruanghmei, yachamtengsa, chokri, phom, maram, rengma, wancho, khoirao, maring, puiron, tangsamoshang, nocte, tangsayogli, kezhama, yacham, tengsa	5754	U+25e6
u	u	hui, lui	zeme, nruanghmei, lushai, burmesewritten, dimasa, tibetanwritten, sema, liangmai, manipuri, aomongsen, tangkhul, jingpho, chang, mikir, angamikohima, aochungli, maring, yimchungru, mzieme, lotha, sangtam, rengma, konyak, wancho, ntenyi, maram, khoirao, puiron, angamikhonoma, nocte, meluri, tangsayogli, tangsamoshang, yachamtengsa, phom, mao, chokri, kezhama, tengsa, yacham	4769	U+0075
i$	i	mi, pi	nruanghmei, sema, mikir, tangkhul, zeme, dimasa, mao, jingpho, konyak, manipuri, lushai, mzieme, sangtam, angamikhonoma, chang, ntenyi, aomongsen, aochungli, liangmai, lotha, phom, khoirao, angamikohima, rengma, maram, maring, chokri, burmesewritten, wancho, puiron, meluri, yimchungru, tangsamoshang, yachamtengsa, tibetanwritten, tangsayogli, kezhama, nocte, tengsa	4756	U+0069 U+0024
a$	a	sa, cha	tibetanwritten, manipuri, tangkhul, dimasa, jingpho, aomongsen, angamikhonoma, lotha, sangtam, ntenyi, angamikohima, sema, aochungli, konyak, khoirao, zeme, lushai, rengma, chokri, nocte, wancho, liangmai, mzieme, phom, meluri, maring, mao, nruanghmei, tangsamoshang, puiron, burmesewritten, yachamtengsa, maram, chang, tangsayogli, mikir, yimchungru, kezhama, tengsa, yacham	4191	U+0061 U+0024
o	o	long, yong	mikir, lotha, tibetanwritten, konyak, dimasa, manipuri, mao, sema, aochungli, chang, phom, tangkhul, nruanghmei, angamikohima, sangtam, burmesewritten, rengma, aomongsen, wancho, puiron, angamikhonoma, yimchungru, liangmai, nocte, khoirao, tangsamoshang, chokri, maram, ntenyi, maring, jingpho, yachamtengsa, meluri, zeme, lushai, kezhama, tangsayogli, mzieme, yacham	4178	U+006f
g	g	nga, ngu	mikir, tangkhul, zeme, tibetanwritten, aochungli, manipuri, aomongsen, konyak, sangtam, chang, lotha, jingpho, dimasa, nruanghmei, liangmai, phom, mzieme, lushai, rengma, khoirao, maram, yachamtengsa, yimchungru, puiron, nocte, wancho, maring, ntenyi, sema, angamikhonoma, angamikohima, tangsayogli, chokri, tangsamoshang, mao, meluri, kezhama	3070	U+0067
r	r	khrü, kra	tibetanwritten, mikir, burmesewritten, dimasa, angamikohima, tangkhul, mao, sangtam, angamikhonoma, lotha, jingpho, aochungli, manipuri, zeme, chokri, aomongsen, lushai, yimchungru, liangmai, nruanghmei, rengma, maring, meluri, mzieme, khoirao, puiron, tangsamoshang, maram, nocte, tangsayogli, kezhama, wancho, sema, yachamtengsa, ntenyi, chang, konyak, phom	2925	U+0072
u$	u	lu, su	liangmai, sema, konyak, angamikohima, chang, jingpho, angamikhonoma, rengma, nruanghmei, zeme, dimasa, puiron, mzieme, mikir, mao, lushai, tibetanwritten, manipuri, aochungli, meluri, lotha, sangtam, yimchungru, khoirao, aomongsen, ntenyi, wancho, maram, chokri, maring, tangsamoshang, phom, nocte, yachamtengsa, tangsayogli, kezhama, burmesewritten, tangkhul, tengsa, yacham	2891	U+0075 U+0024
g$	g	lang, tang	mikir, dimasa, sangtam, aomongsen, aochungli, tangkhul, konyak, lushai, chang, phom, manipuri, jingpho, nruanghmei, lotha, tibetanwritten, liangmai, rengma, yimchungru, mzieme, maring, zeme, ntenyi, wancho, khoirao, nocte, maram, puiron, yachamtengsa, tangsayogli, tangsamoshang, meluri, yacham, sema, angamikhonoma, tengsa, chokri, mao	2887	U+0067 U+0024
^a	a	an, a◦li	sema, ntenyi, aochungli, meluri, sangtam, aomongsen, mikir, yimchungru, tangkhul, burmesewritten, maram, manipuri, nocte, konyak, khoirao, tangsayogli, chang, tangsamoshang, yachamtengsa, wancho, rengma, mao, maring, phom, lushai, nruanghmei, liangmai, jingpho, puiron, dimasa, angamikohima, kezhama, zeme, mzieme, angamikhonoma, chokri, lotha, tibetanwritten	2785	U+005e U+0061
^k	k	ka, ku	angamikohima, angamikhonoma, zeme, tangkhul, mikir, jingpho, rengma, nruanghmei, mao, liangmai, burmesewritten, chang, sema, chokri, ntenyi, mzieme, puiron, khoirao, lushai, manipuri, aochungli, konyak, sangtam, maring, maram, yimchungru, tibetanwritten, lotha, wancho, phom, aomongsen, kezhama, nocte, tangsamoshang, meluri, yachamtengsa, tangsayogli, dimasa	2719	U+005e U+006b
m	m	a◦mi, ami	nruanghmei, sema, tibetanwritten, aochungli, tangkhul, manipuri, aomongsen, zeme, chang, lotha, dimasa, angamikohima, liangmai, lushai, angamikhonoma, konyak, ntenyi, sangtam, jingpho, mao, mikir, yimchungru, phom, puiron, chokri, maram, mzieme, burmesewritten, khoirao, rengma, maring, meluri, tangsamoshang, yachamtengsa, kezhama, wancho, nocte, tangsayogli	2589	U+006d
k	k	raka, skad	sema, mikir, zeme, lotha, aochungli, chang, burmesewritten, tangkhul, nruanghmei, aomongsen, rengma, tibetanwritten, angamikhonoma, angamikohima, konyak, manipuri, liangmai, sangtam, mao, jingpho, ntenyi, mzieme, maram, chokri, wancho, phom, yimchungru, khoirao, lushai, puiron, nocte, tangsamoshang, yachamtengsa, kezhama, maring, tangsayogli, meluri, dimasa, tengsa, yacham	2500	U+006b
^m	m	ma, mi	manipuri, jingpho, zeme, aochungli, liangmai, aomongsen, konyak, sangtam, tangkhul, dimasa, angamikhonoma, mzieme, chang, tibetanwritten, burmesewritten, angamikohima, lotha, phom, mao, yimchungru, mikir, nruanghmei, lushai, ntenyi, sema, puiron, wancho, chokri, maring, rengma, yachamtengsa, maram, khoirao, nocte, tangsamoshang, meluri, tangsayogli, kezhama, yacham	2277	U+005e U+006d
ü	ə	lüm, rüna	chokri, sangtam, nruanghmei, yimchungru, aomongsen, aochungli, sema, ntenyi, rengma, phom, angamikohima, mao, lotha, chang, konyak, mzieme, meluri, angamikhonoma, yachamtengsa, kezhama, tangsayogli, tangsamoshang, zeme, lushai, liangmai	2158	U+00fc
l	l	a◦li, a◦lo	mikir, sema, lushai, aochungli, aomongsen, dimasa, tibetanwritten, sangtam, chang, yachamtengsa, mao, tangkhul, jingpho, konyak, lotha, angamikohima, angamikhonoma, nruanghmei, liangmai, yimchungru, zeme, mzieme, ntenyi, maring, phom, meluri, rengma, puiron, burmesewritten, khoirao, chokri, manipuri, maram, tangsamoshang, nocte, tangsayogli, wancho, kezhama, tengsa, yacham	2126	U+006c
p	p	apa, api	tibetanwritten, konyak, phom, zeme, sema, lotha, jingpho, mikir, manipuri, angamikohima, nruanghmei, mao, aochungli, sangtam, liangmai, angamikhonoma, chang, aomongsen, yimchungru, tangkhul, ntenyi, lushai, burmesewritten, mzieme, maram, khoirao, rengma, chokri, meluri, wancho, maring, nocte, puiron, yachamtengsa, kezhama, dimasa, tangsamoshang, tangsayogli	2082	U+0070
o$	o	lo, so	lotha, mao, angamikohima, angamikhonoma, mikir, sema, tibetanwritten, chokri, rengma, konyak, dimasa, tangkhul, sangtam, chang, yimchungru, aochungli, aomongsen, nocte, maram, lushai, kezhama, meluri, ntenyi, wancho, manipuri, yachamtengsa, burmesewritten, phom, maring, khoirao, nruanghmei, puiron, mzieme, liangmai, tangsamoshang, tangsayogli, zeme, tengsa	2015	U+006f U+0024
^n	n	ni, na	jingpho, nruanghmei, konyak, tangkhul, rengma, zeme, chang, lotha, manipuri, sangtam, phom, liangmai, mikir, angamikohima, lushai, mzieme, khoirao, angamikhonoma, aomongsen, aochungli, burmesewritten, dimasa, maring, wancho, mao, tibetanwritten, nocte, ntenyi, chokri, puiron, yachamtengsa, meluri, tangsamoshang, yimchungru, tangsayogli, sema, maram, kezhama, tengsa	1890	U+005e U+006e
^t	t	ta, tam	aochungli, aomongsen, liangmai, konyak, lushai, zeme, rengma, yachamtengsa, angamikhonoma, nruanghmei, manipuri, burmesewritten, mikir, chang, angamikohima, mzieme, maram, lotha, wancho, sangtam, puiron, maring, jingpho, khoirao, chokri, ntenyi, sema, tangkhul, yimchungru, mao, phom, nocte, tangsamoshang, meluri, kezhama, tangsayogli, tengsa, tibetanwritten, yacham, dimasa	1832	U+005e U+0074
t	t	ato, kati	aochungli, aomongsen, jingpho, lotha, chang, zeme, sema, nruanghmei, manipuri, sangtam, konyak, tangkhul, mikir, liangmai, burmesewritten, lushai, mao, khoirao, mzieme, tibetanwritten, maram, wancho, puiron, ntenyi, meluri, yimchungru, phom, yachamtengsa, rengma, maring, angamikohima, nocte, angamikhonoma, dimasa, chokri, tangsamoshang, tangsayogli, kezhama, yacham	1778	U+0074
ü$	ə	chü, sü	angamikohima, rengma, sangtam, chokri, phom, mao, chang, aochungli, ntenyi, angamikhonoma, yimchungru, sema, lotha, aomongsen, meluri, kezhama, yachamtengsa, tangsamoshang, tangsayogli, wancho, mzieme, nruanghmei, maram, liangmai, puiron	1776	U+00fc U+0024
e$	e	pe, me	angamikohima, zeme, angamikhonoma, sema, mikir, mao, rengma, mzieme, sangtam, chokri, jingpho, konyak, burmesewritten, lotha, meluri, maram, yimchungru, ntenyi, tibetanwritten, chang, kezhama, nocte, wancho, dimasa, phom, lushai, liangmai, yachamtengsa, maring, aochungli, nruanghmei, tangkhul, khoirao, manipuri, aomongsen, puiron, tangsamoshang	1695	U+0065 U+0024
y	j	nyi, nyü	tibetanwritten, burmesewritten, lotha, sangtam, rengma, konyak, chang, aomongsen, phom, ntenyi, jingpho, sema, aochungli, chokri, angamikohima, dimasa, yimchungru, tangkhul, maring, nocte, manipuri, puiron, yachamtengsa, meluri, wancho, maram, tangsamoshang, tangsayogli, kezhama, liangmai, mzieme, khoirao, angamikhonoma, mikir, nruanghmei, tengsa	1594	U+0079
n$	n	an, man	jingpho, lotha, mikir, lushai, rengma, chang, manipuri, konyak, aochungli, nruanghmei, liangmai, aomongsen, tibetanwritten, ntenyi, nocte, tangkhul, wancho, puiron, burmesewritten, tangsamoshang, phom, yimchungru, maring, yachamtengsa, khoirao, dimasa, tangsayogli, zeme, chokri, sangtam, sema, mzieme, maram, meluri, mao	1525	U+006e U+0024
b	b	chabi, kibuba	manipuri, liangmai, zeme, tibetanwritten, chang, dimasa, aochungli, khoirao, aomongsen, mikir, nruanghmei, mzieme, angamikohima, lushai, mao, sema, rengma, jingpho, puiron, yachamtengsa, angamikhonoma, chokri, sangtam, wancho, yimchungru, tangsamoshang, maring, maram, konyak, nocte, ntenyi, phom, tangsayogli, kezhama, tangkhul, meluri, lotha	1509	U+0062
^s	s	sa, si	tibetanwritten, dimasa, chang, lushai, mikir, burmesewritten, aomongsen, aochungli, tangkhul, manipuri, rengma, angamikohima, jingpho, nruanghmei, maram, angamikhonoma, lotha, chokri, puiron, maring, sangtam, mao, zeme, khoirao, ntenyi, nocte, mzieme, sema, wancho, liangmai, yachamtengsa, tangsamoshang, kezhama, meluri, yimchungru, tangsayogli, konyak, phom, tengsa	1412	U+005e U+0073
k$	k	tak, chak	mikir, aochungli, chang, burmesewritten, manipuri, lushai, aomongsen, konyak, lotha, wancho, phom, tangkhul, nruanghmei, nocte, zeme, yimchungru, mzieme, liangmai, maring, tangsamoshang, puiron, maram, tangsayogli, yachamtengsa, khoirao, jingpho, dimasa, chokri, sangtam, sema	1266	U+006b U+0024
^l	l	lu, li	chang, manipuri, jingpho, lushai, phom, mikir, burmesewritten, nruanghmei, konyak, tibetanwritten, lotha, sangtam, aochungli, aomongsen, tangkhul, mzieme, angamikhonoma, wancho, dimasa, zeme, yimchungru, liangmai, angamikohima, mao, rengma, sema, chokri, tangsamoshang, puiron, nocte, yachamtengsa, maring, khoirao, maram, tangsayogli, kezhama, ntenyi, meluri	1246	U+005e U+006c
^p	p	pi, pa	mikir, liangmai, angamikohima, burmesewritten, angamikhonoma, zeme, konyak, chang, manipuri, nruanghmei, lushai, sema, mzieme, lotha, aochungli, wancho, mao, jingpho, phom, rengma, sangtam, chokri, tangkhul, aomongsen, khoirao, ntenyi, yimchungru, kezhama, nocte, maram, maring, puiron, tangsayogli, dimasa, tibetanwritten, tangsamoshang, yachamtengsa, meluri, tengsa	1208	U+005e U+0070
s	s	a◦sa, aso	dimasa, aochungli, mikir, angamikohima, ntenyi, aomongsen, zeme, sema, manipuri, mao, tangkhul, lotha, angamikhonoma, tibetanwritten, chang, jingpho, rengma, meluri, yachamtengsa, sangtam, liangmai, puiron, lushai, khoirao, burmesewritten, nocte, nruanghmei, maram, chokri, mzieme, yimchungru, wancho, maring, tangsamoshang, kezhama, tangsayogli, phom	1183	U+0073
^h	h	ha, hi	lushai, zeme, mikir, mzieme, konyak, dimasa, chang, jingpho, phom, wancho, manipuri, tangkhul, maring, lotha, rengma, sangtam, nocte, nruanghmei, khoirao, mao, angamikohima, tangsayogli, yimchungru, ntenyi, sema, angamikhonoma, maram, burmesewritten, liangmai, chokri, aomongsen, meluri, puiron, kezhama, tangsamoshang, yachamtengsa, aochungli	1180	U+005e U+0068
m$	m	lam, tam	lushai, mikir, aochungli, jingpho, aomongsen, konyak, manipuri, zeme, tangkhul, yimchungru, chang, lotha, phom, liangmai, nruanghmei, mzieme, dimasa, wancho, maram, sangtam, tibetanwritten, maring, khoirao, puiron, nocte, tangsayogli, tangsamoshang, yachamtengsa, burmesewritten, chokri, ntenyi, meluri, mao, sema	1159	U+006d U+0024
^ch	cçʰ	cha, chi	liangmai, mikir, lushai, manipuri, chang, aomongsen, jingpho, angamikhonoma, mao, angamikohima, lotha, wancho, burmesewritten, tangkhul, zeme, tibetanwritten, maring, sangtam, ntenyi, nocte, khoirao, chokri, yachamtengsa, sema, yimchungru, rengma, tangsamoshang, puiron, phom, maram, aochungli, konyak, dimasa, tangsayogli, kezhama, meluri	1099	U+005e U+0063 U+0068
ch	cçʰ	achi, machi	aomongsen, lotha, zeme, tangkhul, sema, sangtam, mao, angamikohima, angamikhonoma, chang, ntenyi, nocte, mikir, burmesewritten, yachamtengsa, manipuri, meluri, liangmai, rengma, chokri, aochungli, maring, kezhama, puiron, wancho, jingpho, tibetanwritten, lushai, khoirao, maram, yimchungru, tangsamoshang, tangsayogli, phom, konyak, dimasa, nruanghmei	1074	U+0063 U+0068
-	NULL	-ra, -na	lotha, mao, tibetanwritten, aochungli, mikir, sema, chang, aomongsen, konyak, yimchungru, ntenyi, tangkhul, zeme, nruanghmei, rengma, liangmai, sangtam, jingpho, mzieme, manipuri, meluri, burmesewritten, maram, phom, dimasa, khoirao, nocte, angamikohima, maring, lushai, chokri, tangsayogli, angamikhonoma, kezhama, tangsamoshang, wancho, yachamtengsa, puiron	999	U+002d
kh	kʰ	akhu, sakhi	sema, tangkhul, dimasa, yimchungru, ntenyi, lotha, burmesewritten, mao, aomongsen, liangmai, manipuri, jingpho, meluri, sangtam, rengma, angamikohima, nruanghmei, chokri, lushai, nocte, angamikhonoma, tibetanwritten, tangsayogli, chang, maring, mikir, phom, tangsamoshang, konyak, khoirao, puiron, yachamtengsa, maram, kezhama	973	U+006b U+0068
^kh	kʰ	khi, kha	tangkhul, manipuri, dimasa, burmesewritten, jingpho, tibetanwritten, lotha, rengma, sangtam, yimchungru, lushai, angamikohima, ntenyi, mao, chokri, nruanghmei, tangsayogli, sema, chang, aomongsen, maring, meluri, nocte, phom, tangsamoshang, liangmai, angamikhonoma, konyak, puiron, khoirao, wancho, yachamtengsa, maram, zeme, yacham	957	U+005e U+006b U+0068
d	d	kedi, kündih	tibetanwritten, dimasa, mikir, jingpho, zeme, nruanghmei, angamikohima, mzieme, manipuri, angamikhonoma, mao, aochungli, liangmai, lotha, chokri, rengma, maram, khoirao, tangkhul, yimchungru, ntenyi, nocte, sema, wancho, lushai, sangtam, maring, kezhama, phom, aomongsen, chang, tangsamoshang, puiron, tangsayogli, yachamtengsa, konyak	926	U+0064
^r	r	ri, ra	tibetanwritten, mikir, angamikhonoma, angamikohima, lushai, nruanghmei, dimasa, mzieme, zeme, tangkhul, nocte, wancho, jingpho, burmesewritten, sangtam, tangsamoshang, chokri, rengma, lotha, puiron, maram, yimchungru, aomongsen, aochungli, liangmai, khoirao, maring, mao, tangsayogli, meluri, kezhama, ntenyi, manipuri, konyak, chang, sema	867	U+005e U+0072
^th	tʰ	thi, thu	lushai, angamikohima, mikir, angamikhonoma, manipuri, yimchungru, chokri, dimasa, tibetanwritten, sangtam, burmesewritten, nruanghmei, tangkhul, chang, rengma, phom, lotha, maring, puiron, sema, khoirao, mao, nocte, ntenyi, aomongsen, liangmai, tangsamoshang, konyak, tangsayogli, yachamtengsa, meluri, maram, wancho, kezhama	766	U+005e U+0074 U+0068
th	tʰ	atha, athi	mikir, tangkhul, dimasa, lotha, manipuri, chokri, sema, angamikohima, sangtam, rengma, nruanghmei, angamikhonoma, ntenyi, khoirao, mao, liangmai, lushai, burmesewritten, meluri, yimchungru, tibetanwritten, chang, phom, aomongsen, tangsamoshang, maring, yachamtengsa, puiron, nocte, tangsayogli, maram, kezhama, jingpho, konyak	745	U+0074 U+0068
z	z	azü, keza	angamikohima, aochungli, sangtam, angamikhonoma, rengma, ntenyi, sema, meluri, zeme, chokri, tangkhul, lotha, mao, tibetanwritten, aomongsen, mzieme, lushai, wancho, kezhama, yimchungru, mikir, dimasa, chang, nruanghmei, phom, liangmai, manipuri	731	U+007a
t$	t	hat, met	jingpho, mikir, lotha, chang, lushai, tangkhul, burmesewritten, manipuri, nruanghmei, mzieme, konyak, aochungli, aomongsen, wancho, zeme, nocte, phom, maring, yachamtengsa, tangsamoshang, puiron, maram, khoirao, yimchungru, tangsayogli, dimasa, sangtam, meluri, liangmai	721	U+0074 U+0024
h	h	aha, ahu	lushai, mikir, tangkhul, mao, sema, konyak, liangmai, phom, ntenyi, manipuri, lotha, nruanghmei, rengma, jingpho, zeme, dimasa, angamikhonoma, angamikohima, mzieme, wancho, maring, nocte, khoirao, sangtam, maram, yimchungru, chang, meluri, tangsayogli, aomongsen, burmesewritten, chokri, tangsamoshang, yachamtengsa, tibetanwritten, puiron	713	U+0068
^y	j	yu, ya	konyak, chang, phom, sangtam, lotha, aomongsen, dimasa, manipuri, tangsamoshang, yimchungru, tangkhul, jingpho, aochungli, tangsayogli, tibetanwritten, burmesewritten, maring, rengma, khoirao, puiron, yachamtengsa, maram, nruanghmei, chokri, mao, sema, wancho, liangmai, angamikohima, angamikhonoma, mzieme, kezhama, ntenyi	667	U+005e U+0079
^b	b	ba, bu	dimasa, tibetanwritten, lushai, mikir, nruanghmei, zeme, puiron, angamikhonoma, phom, mzieme, aochungli, rengma, wancho, chokri, liangmai, jingpho, angamikohima, mao, nocte, manipuri, tangsamoshang, sema, maram, sangtam, chang, tangsayogli, maring, ntenyi, kezhama, khoirao, yimchungru, aomongsen, lotha, konyak, burmesewritten	598	U+005e U+0062
^sh	ʃ	shi, shu	konyak, jingpho, phom, chang, tangkhul, aochungli, sangtam, rengma, yimchungru, lotha, sema, ntenyi, mao, manipuri, wancho, liangmai, meluri, angamikhonoma, chokri, aomongsen, angamikohima, tangsamoshang, dimasa, tangsayogli, yachamtengsa, nruanghmei, puiron, khoirao, yacham	592	U+005e U+0073 U+0068
^d	d	da, di	tibetanwritten, dimasa, mikir, lushai, angamikohima, jingpho, angamikhonoma, nruanghmei, rengma, mzieme, zeme, nocte, phom, liangmai, chokri, mao, maring, tangsamoshang, burmesewritten, wancho, maram, puiron, tangsayogli, aochungli, kezhama, manipuri, sangtam, chang, khoirao, aomongsen, sema, konyak, yimchungru	578	U+005e U+0064
ts	ts	atsa, atsü	lotha, sema, aomongsen, aochungli, rengma, ntenyi, mzieme, angamikohima, angamikhonoma, sangtam, tibetanwritten, yimchungru, meluri, jingpho, chokri, mao, lushai, wancho, kezhama, tangkhul, chang, mikir, burmesewritten, nruanghmei, khoirao, tangsayogli	553	U+0074 U+0073
sh	ʃ	ashi, asha	sema, tangkhul, aochungli, chang, konyak, ntenyi, phom, jingpho, rengma, tangsamoshang, angamikhonoma, angamikohima, mao, meluri, lotha, sangtam, yimchungru, liangmai, aomongsen, tangsayogli, dimasa, wancho, yachamtengsa, manipuri, nruanghmei, chokri, puiron, maring	534	U+0073 U+0068
j	ʝ	kijü, raja	aochungli, dimasa, mikir, sangtam, manipuri, konyak, jingpho, liangmai, angamikhonoma, nruanghmei, ntenyi, rengma, angamikohima, phom, mao, chang, nocte, wancho, puiron, khoirao, tangsamoshang, zeme, maram, tangkhul, yimchungru, tibetanwritten, tangsayogli, yachamtengsa, kezhama, maring, meluri, aomongsen	528	U+006a
p$	p	kap, chap	mikir, jingpho, dimasa, burmesewritten, aochungli, chang, konyak, tangkhul, aomongsen, lotha, manipuri, lushai, phom, yimchungru, nocte, nruanghmei, sangtam, tangsamoshang, zeme, yachamtengsa, wancho, mzieme, tangsayogli, maring, puiron, khoirao, liangmai, tibetanwritten	493	U+0070 U+0024
^ph	pʰ	pha, phu	mikir, tibetanwritten, konyak, tangkhul, manipuri, burmesewritten, lushai, chang, aomongsen, phom, nruanghmei, dimasa, lotha, mao, maring, angamikohima, angamikhonoma, chokri, yimchungru, liangmai, khoirao, yachamtengsa, ntenyi, nocte, puiron, sangtam, tangsamoshang, sema, rengma, kezhama, meluri, jingpho, maram, tangsayogli	475	U+005e U+0070 U+0068
w	w	awu, zawng	jingpho, lushai, ntenyi, meluri, aomongsen, lotha, maring, konyak, burmesewritten, mao, liangmai, chang, khoirao, manipuri, tangkhul, sema, tangsamoshang, angamikhonoma, maram, dimasa, zeme, aochungli, angamikohima, tangsayogli, yimchungru, rengma, sangtam, puiron, mzieme, nruanghmei, kezhama, tibetanwritten	470	U+0077
^o	o	ong, ok	lotha, mao, aochungli, mikir, phom, konyak, aomongsen, chang, manipuri, tangkhul, yachamtengsa, wancho, puiron, maring, burmesewritten, nruanghmei, maram, jingpho, kezhama, dimasa, chokri, sangtam, liangmai, rengma, tangsayogli, nocte, sema	447	U+005e U+006f
v	v	ava, kevü	sema, mao, mikir, angamikohima, tangkhul, rengma, lotha, lushai, chokri, angamikhonoma, sangtam, meluri, phom, ntenyi, nocte, wancho, maram, aomongsen, tangsamoshang, tangsayogli, kezhama, manipuri, zeme, dimasa, khoirao, puiron	419	U+0076
r$	r	tar, alar	mikir, aochungli, lushai, tibetanwritten, dimasa, tangkhul, aomongsen, tangsamoshang, maring, manipuri, angamikhonoma, ntenyi, lotha, yimchungru, chokri, sangtam, angamikohima, tangsayogli, nocte	399	U+0072 U+0024
ph	pʰ	aphu, samphang	lotha, dimasa, mikir, tangkhul, phom, manipuri, konyak, burmesewritten, aomongsen, rengma, mao, angamikohima, nruanghmei, sangtam, liangmai, sema, yachamtengsa, chokri, khoirao, lushai, maram, tangsamoshang, tangsayogli, nocte, ntenyi, yimchungru, tibetanwritten, puiron, jingpho, wancho, meluri, chang, angamikhonoma, maring	393	U+0070 U+0068
^g	g	ga, gai	dimasa, tibetanwritten, nruanghmei, zeme, jingpho, mzieme, rengma, liangmai, angamikohima, tangsamoshang, angamikhonoma, chang, burmesewritten, chokri, khoirao, manipuri, phom, konyak, tangkhul, tangsayogli, mikir, aochungli, sangtam, meluri, aomongsen, sema	367	U+005e U+0067
^i	i	in, iya	mikir, sema, manipuri, nocte, mao, aochungli, aomongsen, lushai, sangtam, burmesewritten, ntenyi, chang, puiron, tangkhul, konyak, khoirao, tangsamoshang, wancho, kezhama, tangsayogli, yachamtengsa, maram, yimchungru, rengma, tibetanwritten, jingpho, zeme, nruanghmei, phom, dimasa, meluri, maring	350	U+005e U+0069
^j	ʝ	jan, jang	dimasa, konyak, mikir, phom, nruanghmei, aochungli, jingpho, sangtam, nocte, rengma, liangmai, chang, wancho, angamikhonoma, tibetanwritten, angamikohima, ntenyi, puiron, tangkhul, khoirao, mao, manipuri, tangsamoshang, zeme, kezhama, maram, yimchungru, maring	350	U+005e U+006a
^ts	ts	tsü, tso	lotha, aomongsen, rengma, mzieme, sangtam, angamikhonoma, angamikohima, aochungli, jingpho, sema, yimchungru, ntenyi, chokri, tibetanwritten, meluri, wancho, mao, kezhama, phom, tangsamoshang	346	U+005e U+0074 U+0073
gh	gh	aghügha, aghü	sema, ntenyi, mao, mikir, lushai, chang, konyak, maram, khoirao, tangkhul, nruanghmei, kezhama, sangtam, jingpho, mzieme, wancho, phom, maring, manipuri, rengma, lotha, yachamtengsa, dimasa, aomongsen, tangsamoshang	306	U+0067 U+0068
^z	z	zü, ze	lushai, rengma, angamikohima, angamikhonoma, lotha, chokri, aomongsen, mzieme, tangkhul, zeme, sangtam, tibetanwritten, aochungli, nruanghmei, wancho, meluri, ntenyi, sema, yimchungru, mao, kezhama, liangmai	275	U+005e U+007a
^e	e	en, etchakaro	lotha, kezhama, mikir, lushai, sema, aomongsen, konyak, dimasa, phom, tangkhul, meluri, chang, zeme, chokri, manipuri, jingpho, aochungli, burmesewritten, nruanghmei, wancho, sangtam, khoirao, mao, liangmai, ntenyi, rengma, tangsamoshang	269	U+005e U+0065
^w	w	wa, wan	konyak, jingpho, burmesewritten, manipuri, chang, dimasa, khoirao, ntenyi, lotha, tangsamoshang, liangmai, maring, aomongsen, aochungli, tangkhul, tangsayogli, zeme, yachamtengsa, maram, meluri, yimchungru, sema, puiron, wancho, phom, mao	258	U+005e U+0077
^v	v	vü, va	phom, mikir, lushai, lotha, nocte, angamikohima, wancho, angamikhonoma, tangsamoshang, mao, tangkhul, chokri, sema, sangtam, meluri, rengma, tangsayogli, konyak, kezhama, maram, liangmai, ntenyi	249	U+005e U+0076
l$	l	kal, lal	lushai, tibetanwritten, manipuri, maring, tangsamoshang, tangsayogli, dimasa, puiron, mao, mikir, ntenyi, rengma, sangtam, nocte	236	U+006c U+0024
^u	u	un, ui	angamikohima, chokri, manipuri, aomongsen, jingpho, burmesewritten, maring, chang, lushai, yachamtengsa, konyak, puiron, angamikhonoma, mikir, nruanghmei, wancho, phom, dimasa, sangtam, ntenyi, zeme, aochungli, khoirao, rengma, tangsamoshang, sema	199	U+005e U+0075
h$	h	kündih, shah	lushai, liangmai, nruanghmei, phom, sema, chang, dimasa, aomongsen, jingpho, mikir, rengma, tangsamoshang, yimchungru, mzieme, konyak, puiron, aochungli, wancho	182	U+0068 U+0024
ṅ$	ŋ	chaṅ, saṅ	burmesewritten, tibetanwritten	178	U+1e45 U+0024
f	f	pfü, pfo	angamikohima, mao, ntenyi, lotha, sema, angamikhonoma, rengma, tangkhul, kezhama, lushai, meluri, dimasa, sangtam	170	U+0066
zh	ʒ	kemezhie, pezhü	sema, mao, angamikhonoma, angamikohima, chokri, rengma, yimchungru, ntenyi, kezhama, lotha, sangtam	132	U+007a U+0068
ṅ	ŋ	rkaṅ◦pa, druṅdu	tibetanwritten, burmesewritten, mikir	116	U+1e45
d$	d	skad, skyod	tibetanwritten, liangmai, nruanghmei, mikir, burmesewritten, wancho	103	U+0064 U+0024
c	cç	bcu-gcig, gcog	burmesewritten, tibetanwritten, nruanghmei, kezhama, mikir, angamikohima, sema	88	U+0063
gs	gs	mangsügh, ingsu	tibetanwritten, mikir, chang, jingpho, sangtam, manipuri, lotha, nruanghmei, ntenyi, dimasa, aochungli, aomongsen, liangmai, puiron, tangkhul, tangsayogli, wancho, tangsamoshang	83	U+0067 U+0073
^mh	m̥	mha, mho	angamikohima, lotha, angamikhonoma, burmesewritten, chokri, rengma, jingpho, maram, dimasa, mao	77	U+005e U+006d U+0068
mh	m̥	pe◦mhe, a◦mhi	lotha, burmesewritten, angamikohima, angamikhonoma, nruanghmei, sema, manipuri, rengma, chokri, jingpho, mikir, kezhama, liangmai, phom, ntenyi, mzieme, khoirao	74	U+006d U+0068
â	â	hâl, hnâr	lushai, wancho, manipuri	72	U+00e2
^c	cç	ci, ca◦kā:	burmesewritten, nruanghmei, tibetanwritten, zeme, lushai, mao	71	U+005e U+0063
rh	r̥	kerhü, dzürhedu	angamikohima, angamikhonoma, rengma, burmesewritten, meluri, chokri, yimchungru, mikir, lotha, dimasa, lushai, aomongsen	70	U+0072 U+0068
nn	nː	kalinnu, shennyak	puiron, manipuri, jingpho, zeme, phom, lushai, lotha, nruanghmei, liangmai, tangkhul, nocte, rengma, mzieme, konyak, chang, tibetanwritten, aochungli, tangsayogli, aomongsen	69	U+006e U+006e
w$	w	tsaw, baw	jingpho, lushai, angamikhonoma, liangmai, mikir, konyak, dimasa, aomongsen, khoirao, mao	67	U+0077 U+0024
üs	ə s	küsive, chüsi	chokri, angamikohima, sangtam, sema, yimchungru, mao, ntenyi, angamikhonoma, mzieme, aomongsen, rengma, lotha, aochungli, nruanghmei, meluri	65	U+00fc U+0073
nh	n̥	nulanhie, a◦ou◦nhye	sema, burmesewritten, jingpho, angamikohima, angamikhonoma, rengma, lushai, nruanghmei, kezhama, chokri, manipuri, aomongsen, mzieme, konyak, phom, dimasa, tangkhul, liangmai, tibetanwritten, lotha, puiron, nocte	64	U+006e U+0068
gw	gʷ	chungwa, n'ngwagwang	mzieme, rengma, lotha, jingpho, ntenyi, angamikhonoma, kezhama, liangmai, aochungli, konyak, chokri, burmesewritten, nruanghmei, angamikohima, sangtam, tangsayogli, aomongsen, maring, tangsamoshang	60	U+0067 U+0077
ā:$	āː	swā:, ṅā:	burmesewritten	56	U+0101 U+003a U+0024
chh	cçʰ h	e◦chhü, chichhim	lotha, lushai, yimchungru, angamikohima, aomongsen	55	U+0063 U+0068 U+0068
kw	kʷ	chakwang, a◦kwi◦tewa	angamikhonoma, sema, mzieme, meluri, liangmai, aomongsen, puiron, burmesewritten, ntenyi, konyak, chang, lotha, tangsamoshang, chokri, maring	55	U+006b U+0077
0	NULL	bhai.nhaykron.lai, nui.cui.kale:	burmesewritten, lotha, mikir, tibetanwritten, lushai, angamikohima	54	U+002e
gg	g g	langgai, nggawnggawk	zeme, nruanghmei, jingpho, mzieme, rengma, maram, khoirao, manipuri, konyak, dimasa, tangkhul, meluri	50	U+0067 U+0067
âw	ɔ:	lâwn, lei◦lâwn	lushai	50	U+00e2 U+0077
ṅ:$	ŋ:	laṅ:, toṅ:	burmesewritten	50	U+1e45 U+003a U+0024
^ths	tʰs	thsa, thsü	sangtam, tibetanwritten, yimchungru	48	U+005e U+0074 U+0068 U+0073
^chh	c h	chhü, chho	lushai, angamikohima, yimchungru, lotha, manipuri	47	U+005e U+0063 U+0068 U+0068
ā$	ā	anā, mayā	burmesewritten	46	U+0101 U+0024
ks	ks	haksi, koksing	chang, aochungli, mikir, puiron, burmesewritten, maring, zeme, liangmai, konyak, maram, tangsamoshang, jingpho, manipuri, ntenyi, lotha, lushai, nruanghmei, tangsayogli, wancho, khoirao	46	U+006b U+0073
ns	ns	nyensang, pinso	mikir, rengma, chang, tangsamoshang, liangmai, jingpho, manipuri, dimasa, puiron, aochungli, nruanghmei, wancho, zeme, lotha, tibetanwritten, maram, burmesewritten, lushai, tangkhul, aomongsen, maring	46	U+006e U+0073
b$	b	rgyab, 'bab	tibetanwritten, chang, liangmai, lotha, manipuri	44	U+0062 U+0024
gsh	gsh	angshu, yingshü	phom, konyak, chang, sangtam, lotha, aochungli, ntenyi, manipuri, tangsamoshang, tangkhul, sema, yachamtengsa, tangsayogli, wancho	44	U+0067 U+0073 U+0068
^f	f	fü, fa	lushai, sangtam, mao, sema, rengma, yimchungru, tangkhul	43	U+005e U+0066
i:$	iː	thui:, amyui:	burmesewritten, mao	42	U+0069 U+003a U+0024
e:$	eː	le:, swe:	burmesewritten	42	U+0065 U+003a U+0024
^ü	u	üng, ümi	konyak, phom, aomongsen, chang, angamikohima, yimchungru, ntenyi	42	U+005e U+00fc
lh	lh	telha, tilhau	sema, angamikohima, angamikhonoma, burmesewritten, manipuri, lotha, lushai, yachamtengsa, maram, puiron, chokri, nruanghmei, khoirao	41	U+006c U+0068
^nh	nh	nha, -nha	burmesewritten, angamikhonoma, kezhama, chokri, jingpho, angamikohima, khoirao, lotha, sema	40	U+005e U+006e U+0068
û	uː	tûr, chhût	lushai	40	U+00fb
ths	tʰs	a◦thsa, ham◦thse	sangtam, tibetanwritten, yimchungru, jingpho, rengma	40	U+0074 U+0068 U+0073
^gh	gh	gho, ghaka	ntenyi, sangtam, sema, rengma, phom, manipuri, dimasa, puiron, khoirao	39	U+005e U+0067 U+0068
^zh	zh	zhü, zhi	mao, yimchungru, angamikohima, angamikhonoma, ntenyi, sema, chokri, rengma, lotha	36	U+005e U+007a U+0068
ê	ê	khawvêl, chhêm	lushai, manipuri	36	U+00ea
üh	ə h	nyüha, fühe	phom, chokri, chang, mao, rengma, lotha, nruanghmei, angamikohima, angamikhonoma, mzieme, konyak, yimchungru, sema	36	U+00fc U+0068
^kw	kʷ	kwa, kwak	angamikhonoma, mzieme, ntenyi, puiron, aochungli, burmesewritten, liangmai, manipuri, sema, rengma, tangkhul, tangsayogli, aomongsen	36	U+005e U+006b U+0077
kk	kk	kakka, tepuokdak-ki	tangkhul, mzieme, burmesewritten, chang, mikir, konyak, sema, nocte, manipuri, maram, aochungli, nruanghmei, meluri	35	U+006b U+006b
_	_	ndri. ezü, semes ki	tibetanwritten, lotha, tangkhul, aomongsen, mikir, angamikhonoma, yimchungru, aochungli, burmesewritten, jingpho, chang, puiron, chokri, lushai, angamikohima, maring, khoirao, mao	35	U+005f
gh$	gh	ngügh, mangsügh	chang, nruanghmei, liangmai	32	U+0067 U+0068 U+0024
rr	rr	o◦rrü, mhorrü-terruwo	lotha, meluri, mikir, rengma, sangtam, tangkhul	32	U+0072 U+0072
ms	ms	kumsa, khyimsa	sema, chang, tibetanwritten, jingpho, zeme, manipuri, burmesewritten, lushai, sangtam, tangkhul, aomongsen, mikir, mzieme, maram, dimasa, puiron	32	U+006d U+0073
^nn	nn	nna, nni	zeme, rengma, lotha, liangmai, mzieme, nruanghmei, jingpho, mikir	31	U+005e U+006e U+006e
^lh	lh	lhako, lham	burmesewritten, angamikhonoma, sema, chokri, tibetanwritten, angamikohima, kezhama	30	U+005e U+006c U+0068
mm	m m	karim-maipung, ting◦simme	nruanghmei, zeme, lotha, burmesewritten, wancho, yachamtengsa, liangmai, mikir, chang, manipuri, mzieme, dimasa, lushai, aomongsen, khoirao, sema	29	U+006d U+006d
s$	s	gos, ʃes	tibetanwritten, dimasa, chokri	29	U+0073 U+0024
^rh	rh	rhi, rho	burmesewritten, angamikhonoma, yimchungru, rengma, angamikohima, kezhama, lotha, chokri	28	U+005e U+0072 U+0068
gs$	gs	'dogs, 'bigs	tibetanwritten	28	U+0067 U+0073 U+0024
ñ	ɲ	tatuiṅ:tapraññsā, taṁmrakcaññ:	burmesewritten, tibetanwritten	28	U+00f1
ññ$	ññ	khyaññ, rhaññ	burmesewritten	28	U+00f1 U+00f1 U+0024
y$	y	kyay, ṅay	burmesewritten	27	U+0079 U+0024
üsh	ə ʃ	shüshü, kwüshe◦tüza	yimchungru, ntenyi, angamikhonoma, rengma, sangtam, phom, aomongsen, chang, konyak, chokri, angamikohima, meluri, sema	27	U+00fc U+0073 U+0068
aa	aː	te◦ra-a◦khat, ta-ake	aochungli, ntenyi, chang, yimchungru, tangkhul, aomongsen, jingpho, angamikhonoma, tibetanwritten, dimasa, nruanghmei, sangtam, meluri, tangsamoshang	26	U+0061 U+0061
^ns	ns	nsa, nsü	rengma, lotha, zeme, jingpho, liangmai, nruanghmei	26	U+005e U+006e U+0073
^'d	d	'dug, 'dogs	tibetanwritten	25	U+005e U+0027 U+0064
^khw	khw	khwü, khwen	burmesewritten, chokri, chang, manipuri, rengma, jingpho, liangmai, sema	25	U+005e U+006b U+0068 U+0077
c$	c	prac, phrac	burmesewritten	25	U+0063 U+0024
ī:$	īː	putī:, krī:	burmesewritten	24	U+012b U+003a U+0024
khw	khw	akhwo, akhwe	burmesewritten, ntenyi, chokri, sema, meluri, liangmai	24	U+006b U+0068 U+0077
^gw	gw	gwang, gwi	rengma, mzieme, nruanghmei, jingpho, ntenyi, angamikhonoma, yimchungru, angamikohima, sema	23	U+005e U+0067 U+0077
ū$	ū	lū, phrū	burmesewritten, chang	23	U+016b U+0024
î	î	tîr, hîp	lushai	23	U+00ee
^i$	i	i, -i	konyak, manipuri, lotha, yachamtengsa, zeme, mikir, sangtam, liangmai, phom, mzieme, chokri, yimchungru	23	U+005e U+0069 U+0024
^ṅ	ŋ	ṅā:, ṅay	tibetanwritten, burmesewritten	23	U+005e U+1e45
^ɣ	ɣ	ɣnam, ɣcigtu	tibetanwritten	22	U+005e U+0263
^'kh	kʰ	'khyog, 'khyer	tibetanwritten	21	U+005e U+0027 U+006b U+0068
ṁ$	ṁ	khruṁ, khwaṁ	burmesewritten	21	U+1e41 U+0024
ll	ll	kellum, allokesah	sema, manipuri, zeme, lushai, liangmai, mikir, lotha, maram, dimasa, aochungli, tangkhul	21	U+006c U+006c
m:$	mː	nam:, cim:	burmesewritten	21	U+006d U+003a U+0024
ksh	k ʃ	yashiksha, nükshi	tangsamoshang, chang, konyak, tangkhul, wancho, phom, tangsayogli, aomongsen, maring	20	U+006b U+0073 U+0068
^a$	a	a, -a	rengma, konyak, meluri, sema, zeme, phom, chang, ntenyi, angamikhonoma, lotha, tangsamoshang, burmesewritten, nruanghmei, tangkhul, angamikohima, maring	20	U+005e U+0061 U+0024
^'g	g	'grags, 'grul	tibetanwritten	19	U+005e U+0027 U+0067
rw	rw	krwak, carwak	burmesewritten, liangmai, jingpho, maring, mzieme	19	U+0072 U+0077
n:$	nː	twan:, tuin:	burmesewritten	18	U+006e U+003a U+0024
^'b	b	'bud, 'bab	tibetanwritten	18	U+005e U+0027 U+0062
^ʃ	ʃ	ʃiṅ, ʃes	tibetanwritten	18	U+005e U+0283
ā:	āː	phyā:tū, taṅ◦pā:◦rui:	burmesewritten	18	U+0101 U+003a
^bh	bh	bhurā:, bherü	burmesewritten, yimchungru, sema	17	U+005e U+0062 U+0068
ṅ:	ŋ:	saṅ:khyuiṅ:twaṅ:, khoṅ:um̊:	burmesewritten	17	U+1e45 U+003a
ā	ā	nālaññ, ṅātui	burmesewritten	17	U+0101
msh	m ʃ	, atsawmsha	phom, konyak, jingpho, aochungli, aomongsen, ntenyi, tangkhul, wancho, khoirao, sema	17	U+006d U+0073 U+0068
^ñ	ɲ	ñid, ñal	tibetanwritten, burmesewritten	16	U+005e U+00f1
ii	iː	vawiin, si-i-abang	lotha, mikir, nocte, yimchungru, zeme, phom, chang, lushai, khoirao	16	U+0069 U+0069
^sw	sw	swā:, swe:	burmesewritten, wancho, rengma, liangmai, mzieme, aochungli	15	U+005e U+0073 U+0077
mw	mw	sumwe, kemwe	burmesewritten, jingpho, lotha, zeme, ntenyi, mzieme, maram, maring	15	U+006d U+0077
pp	p p	upprā:, khüppü-khongpü	chang, phom, manipuri, burmesewritten, liangmai, mzieme, maram, nocte, tangsamoshang	15	U+0070 U+0070
ii$	iː	besui-i, tsai-i	lotha, yimchungru, mikir, sema, zeme	15	U+0069 U+0069 U+0024
nsh	n ʃ	hanshi, kenshe	tangkhul, rengma, jingpho, phom, aochungli, nocte	13	U+006e U+0073 U+0068
aa$	aː	pa-a, paa	yimchungru, sema, konyak	13	U+0061 U+0061 U+0024
tt	tt	zette, yütti	chang, manipuri, mzieme, yachamtengsa, zeme, lushai, sangtam, maring	13	U+0074 U+0074
^nsh	nsh	nsha, nshau	lotha, rengma, jingpho, liangmai, ntenyi	13	U+005e U+006e U+0073 U+0068
^'j	j	'jug, 'jimpa	tibetanwritten	12	U+005e U+0027 U+006a
ʔ$	ʔ	ʔyuʔ, kü◦saʔ	sangtam, jingpho, meluri, dimasa, manipuri	12	U+0294 U+0024
ps	ps	yapsu, bapso	mikir, kezhama, yimchungru, ntenyi, nruanghmei, sangtam, aomongsen, wancho	12	U+0070 U+0073
ū:$	ūː	cū:, rū:	burmesewritten	11	U+016b U+003a U+0024
'a	a	la'angha, ma'ah	ntenyi, phom, jingpho, puiron	11	U+0027 U+0061
m:	mː	wam:◦bhai, cham:khai	burmesewritten, liangmai	11	U+006d U+003a
^o$	o	o, -o	aochungli, phom, mikir, chang, lotha, konyak, maram, burmesewritten	11	U+005e U+006f U+0024
ū	ū	sūnay-lūkale:, kyūpaṅ	burmesewritten, rengma	11	U+016b
i:	iː	tui:tui:pro, pui:◦koṅ	burmesewritten	11	U+0069 U+003a
ññ	ɲː	taññmhā, kyaññce.	burmesewritten	10	U+00f1 U+00f1
ê$	ê	tê, dê	lushai	10	U+00ea U+0024
^'th	tʰ	'thag, 'thoṅ	tibetanwritten	10	U+005e U+0027 U+0074 U+0068
^lw	lw	lwaṅ, lwatlap	burmesewritten, jingpho, liangmai, mzieme	10	U+005e U+006c U+0077
pw	pw	apwe:, rui◦pwai	liangmai, burmesewritten, mzieme, rengma	10	U+0070 U+0077
^mm	mm	mmi, mmvü	liangmai, ntenyi, lotha, nruanghmei, rengma, mzieme	10	U+005e U+006d U+006d
ṁ	<?>	taṁ◦thoṅ◦chae, nhaṁkoṅ	burmesewritten	10	U+1e41
rh$	rh	e̊rh, fênarh	lushai, yachamtengsa, dimasa	10	U+0072 U+0068 U+0024
'n	n	n'nyi, n'ngwalu	mzieme, ntenyi	10	U+0027 U+006e
üw	ə w	ketsüwa, apfüwa	ntenyi, mao, angamikhonoma, lotha, sema, angamikohima, aomongsen	10	U+00fc U+0077
nh$	nh	puanh, nrienh	liangmai, nruanghmei	10	U+006e U+0068 U+0024
lw	lw	shalwisi, delwe	jingpho, burmesewritten, mzieme, liangmai, rengma	10	U+006c U+0077
^hs	hs	hsan, hsuthsu	jingpho	10	U+005e U+0068 U+0073
ī$	ī	ta-wī, chī	burmesewritten	10	U+012b U+0024
tw	tw	khutwum, re◦twaṅ:	burmesewritten, jingpho, maring, konyak, wancho	9	U+0074 U+0077
^'ths	tʰs	'thsol, 'thso	tibetanwritten	9	U+005e U+0027 U+0074 U+0068 U+0073
^ʒ	ʒ	ʒaṅpo, ʒu◦ba	tibetanwritten	9	U+005e U+0292
^e$	e	e, -e	phom, zeme, rengma, lotha, maram, nruanghmei	9	U+005e U+0065 U+0024
lh$	lh	hrilh, pelh	lushai	9	U+006c U+0068 U+0024
ñ:$	ɲː	naññ:, lhaññ:	burmesewritten	9	U+00f1 U+003a U+0024
wh	wh	gawhtawn, chawhma	lushai, jingpho, rengma, mzieme	9	U+0077 U+0068
^ññ	ɲː	ññi, ññaññ.	burmesewritten	9	U+005e U+00f1 U+00f1
e:	eː	re:◦sā:, me:ce	burmesewritten	9	U+0065 U+003a
'$	ˈ	khamüsui', jeih'	nruanghmei, sangtam, dimasa, meluri	9	U+0027 U+0024
ī:	īː	mī:◦khui:, kyī:◦kan:	burmesewritten	9	U+012b U+003a
nw	nw	yanwoiba, minwe	burmesewritten, liangmai, ntenyi, rengma, konyak, khoirao, tangsamoshang	8	U+006e U+0077
^tw	tw	twan:, twaṅ	burmesewritten, mzieme	8	U+005e U+0074 U+0077
^t̥h	t̥h	t̥hang, t̥hi	lushai	8	U+005e U+0074 U+0325 U+0068
bh	bh	a◦bhui:, wam:◦bhai	burmesewritten, manipuri	8	U+0062 U+0068
bs$	bs	thole'debs, 'debs	tibetanwritten	8	U+0062 U+0073 U+0024
^shw	sh w	shwen, shwako	wancho, rengma	7	U+005e U+0073 U+0068 U+0077
ṅs$	ŋ s	kluṅs, zaṅs	tibetanwritten	7	U+1e45 U+0073 U+0024
^'o	ˈo	'on◦pa, 'o◦ma	tibetanwritten	7	U+005e U+0027 U+006f
^pw	pw	pwat, pwā:	burmesewritten, mzieme, liangmai	7	U+005e U+0070 U+0077
a̱$	a̠	kha◦ma◦ka◦za̱, pheimacha̱	tangkhul	7	U+0061 U+0331 U+0024
^t̥	t̥	t̥awng, t̥âwn	lushai	7	U+005e U+0074 U+0325
hs	hs	n◦hsen, kahsup	jingpho, lushai, liangmai	7	U+0068 U+0073
^nw	nw	nwā:, nwā:◦thī:	burmesewritten, lushai, mzieme	7	U+005e U+006e U+0077
'b	b	thsaga'bu, n◦'bia	tibetanwritten, mzieme	6	U+0027 U+0062
uu$	uː	amuu, phu-u	sema, yimchungru, konyak, angamikohima, ntenyi	6	U+0075 U+0075 U+0024
m̊$	m̥	akhwam̊, krum̊	burmesewritten	6	U+006d U+030a U+0024
rs	rs	chersonat, dârsen	mikir, tibetanwritten, lushai, tangkhul	6	U+0072 U+0073
^'ch	ch	'chor, 'chos	tibetanwritten	6	U+005e U+0027 U+0063 U+0068
N$	N	aloN, thaN	tibetanwritten, burmesewritten	6	U+004e U+0024
tsh	tsh	changatshi, shochetshou	chang, jingpho, sema, phom, aomongsen	6	U+0074 U+0073 U+0068
oo	oː	mo-ot, oto-omu	nocte, jingpho, lotha, konyak, mao	6	U+006f U+006f
mh$	m̥	saramh, chalimh	nruanghmei, liangmai	6	U+006d U+0068 U+0024
ms$	m s	sems, khrims	tibetanwritten	5	U+006d U+0073 U+0024
m̊	m̥	tam̊pui:, nam̊nwaṅ:	burmesewritten, tibetanwritten	5	U+006d U+030a
ss	ss	skyessdoṅ, assü	tibetanwritten, lotha, ntenyi, sema	5	U+0073 U+0073
ī	ī	imnī-khyaṅ:, sīkhraṅ:chui	burmesewritten	5	U+012b
n:	nː	min:kale:, rakkan:caṅ	burmesewritten	5	U+006e U+003a
^u$	u	u	manipuri, jingpho, sema	5	U+005e U+0075 U+0024
dh	dh	lho◦bdhi, acheku-bidhi	sema, phom	5	U+0064 U+0068
ṁ:$	m̥:	suṅaykhyaṁ:, achuṁ:	burmesewritten	5	U+1e41 U+003a U+0024
wh$	wh	hlawh, hnathawh	lushai	5	U+0077 U+0068 U+0024
fh	fh	o◦pfhu, o◦fhu	lotha	5	U+0066 U+0068
^'ph	pʰ	'phur, 'phog	tibetanwritten	5	U+005e U+0027 U+0070 U+0068
^rw	rw	rwā, rwe:	burmesewritten, tibetanwritten	5	U+005e U+0072 U+0077
^ɣs	ɣs	ɣsol, ɣser	tibetanwritten	5	U+005e U+0263 U+0073
'm	ˈm	jingh'mei, rümh'me	nruanghmei, mzieme, sema	5	U+0027 U+006d
dw	dw	wadwe, lwidwi	jingpho	4	U+0064 U+0077
oo$	oː	ɣyogoo, koo	tibetanwritten, sema, mao	4	U+006f U+006f U+0024
bs	bs	rtsibs-ma, 'jibs-pa	tibetanwritten, dimasa	4	U+0062 U+0073
ee	eː	rosun-keer, meekuh	lotha, mikir, chang	4	U+0065 U+0065
^chw	chw	chwi, chwai	rengma, jingpho, burmesewritten	4	U+005e U+0063 U+0068 U+0077
?$	ʔ	lapheis?, dikl?	lushai, tangkhul, dimasa, chang	4	U+003f U+0024
^ṅh	ŋ̥	ṅhak◦mwe:, ṅhak	burmesewritten	4	U+005e U+1e45 U+0068
üü	əː	a◦wüü-a◦tsü, kü-üpü	angamikohima, ntenyi, yimchungru	4	U+00fc U+00fc
m̊:$	m̥ː	sum̊:, khoṅ:um̊:	burmesewritten	4	U+006d U+030a U+003a U+0024
sw	sw	paswang, krak◦swan	burmesewritten, angamikhonoma, liangmai	4	U+0073 U+0077
ô$	ô	thômô, lhyô	burmesewritten	4	U+00f4 U+0024
chw	chw	yhüka-kechwi, nchwam	rengma, burmesewritten, liangmai	4	U+0063 U+0068 U+0077
^dh	dh	dhanyavad-tou, dhā:lway	burmesewritten, mikir, chang, manipuri	4	U+005e U+0064 U+0068
^mw	mw	mwam:, mwe:	burmesewritten, jingpho	3	U+005e U+006d U+0077
a̱	a̠	phar◦rei◦kaza̱-a, na̱◦mang	tangkhul	3	U+0061 U+0331
tsw	tsw	betswe, mtswa	angamikhonoma, tibetanwritten, mzieme	3	U+0074 U+0073 U+0077
gh:	ghː	muigh:pwaṅ., muigh:◦khrui:◦khraṅ:	burmesewritten	3	U+0067 U+0068 U+003a
ɣ	ɣ	rgyaɣzeb, bka ɣnaṅ	tibetanwritten	3	U+0263
^bʒ	bʒ	bʒugs, bʒi-bcu	tibetanwritten	3	U+005e U+0062 U+0292
â$	aː	kâ, mi-â	lushai	3	U+00e2 U+0024
^thw	th w	thwankhrac, thwe:	burmesewritten, maring	3	U+005e U+0074 U+0068 U+0077
thw	th w	aroṅthwak, tathwak	burmesewritten, liangmai	3	U+0074 U+0068 U+0077
N	N	ldaN◦ba, gyoNpo	tibetanwritten	3	U+004e
ṅs	ŋ̥ s	kheṅs-pa, groṅs-po	tibetanwritten	3	U+1e45 U+0073
ṅʼ$	ŋ̥ˈ	phwaṅʼ, khyīpaṅʼ	burmesewritten	3	U+1e45 U+02bc U+0024
^ū:	ūː	ū:◦khrui, ū:thup	burmesewritten	3	U+005e U+016b U+003a
z$	z	mez, berkz	tibetanwritten, mikir, chokri	3	U+007a U+0024
C	C	raiCi, -peCung	tangkhul, zeme	3	U+0043
hsh	h ʃ	ahshi, shahshem	phom	3	U+0068 U+0073 U+0068
bw	bw	nyunkebwe, te◦bwa	rengma	3	U+0062 U+0077
^üsh	ə ʃ	üshei, üshoi	konyak	3	U+005e U+00fc U+0073 U+0068
^â	â	ârâwnpa, ânchhelawh	lushai	3	U+005e U+00e2
ʃ	ʃ	'dreʃig, khyiʃig	tibetanwritten	3	U+0283
'd	d	thsoṅ'dus, thole'debs	tibetanwritten	3	U+0027 U+0064
t̥h	t̥h	ukkat̥ha, vêngtet̥henawm	lushai, burmesewritten	3	U+0074 U+0325 U+0068
^ê	ê	êng, êk	lushai	3	U+005e U+00ea
^âw	âw	âwmlo, âwm	lushai	3	U+005e U+00e2 U+0077
^wh	wh	whatsü, whü	rengma, angamikohima	3	U+005e U+0077 U+0068
oʼ$	oˈ	poʼ, soʼ	burmesewritten	2	U+006f U+02bc U+0024
ṭ	ṭ	kezungṭang, ṭawngṭai	lushai	2	U+1e6d
^üh	ə h	ühüngpu, ühing	konyak	2	U+005e U+00fc U+0068
ì$	ì	akhwì, khrì	tibetanwritten, ntenyi	2	U+00ec U+0024
ñh	ɲh	ññhac, ññhaṅ:	burmesewritten	2	U+00f1 U+0068
th$	tʰ	mkhar-dguth, kemeth	angamikhonoma, tibetanwritten	2	U+0074 U+0068 U+0024
^n$	n	n, n-	jingpho, lotha	2	U+005e U+006e U+0024
^gs	gs	gsol, gsod	tibetanwritten	2	U+005e U+0067 U+0073
cw	cw	khrema cwam, chaṅcway	burmesewritten	2	U+0063 U+0077
v$	v	züzüv, tuv	lotha	2	U+0076 U+0024
'mw	'm w	m'mwang	mzieme	2	U+0027 U+006d U+0077
^üw	ə w	üwo, üwong	konyak	2	U+005e U+00fc U+0077
^'n	n	'nkui, 'nküt	mzieme	2	U+005e U+0027 U+006e
^zw	z w	zwü, zwa	mzieme, chokri	2	U+005e U+007a U+0077
^tsh	tsh	tshaṅ, tsherma	tibetanwritten	2	U+005e U+0074 U+0073 U+0068
^ṭ	ṭ	ṭawng, ṭawngṭai	lushai	2	U+005e U+1e6d
uʼ$	uʼ	krak◦uʼ, a◦yuʼ	burmesewritten, aomongsen	2	U+0075 U+02bc U+0024
üü$	əː	a◦wü-ü, kerüü	angamikohima, ntenyi	2	U+00fc U+00fc U+0024
'u	u	kangs'ule, nu'u◦pfü	mikir, ntenyi	2	U+0027 U+0075
^jh	jh	jhe:, jhe:nai	burmesewritten	2	U+005e U+006a U+0068
ās	ās	myaknhāsac, pyāsraññ	burmesewritten	2	U+0101 U+0073
ū:	ūː	nū:◦ññaṁ., sū:paṅ	burmesewritten	2	U+016b U+003a
iʼ$	iˈ	nuiʼ, cuiʼ	burmesewritten	2	U+0069 U+02bc U+0024
'g	g	phyir'gro, dud'gro	tibetanwritten	2	U+0027 U+0067
shw	ʃw	ishwar, shai-shwi	liangmai, manipuri	2	U+0073 U+0068 U+0077
^ɣʃ	ɣʃ	ɣʃerba, ɣʃeg	tibetanwritten	2	U+005e U+0263 U+0283
^jw	jw	jwen, jwan:	burmesewritten, rengma	2	U+005e U+006a U+0077
^rhw	rhw	rhwe, rhweʼ	burmesewritten	2	U+005e U+0072 U+0068 U+0077
’$	<?>	a◦ce’, myui:ce’	burmesewritten	2	U+2019 U+0024
ô	ô	mhyôlaṅ., thômô	burmesewritten	2	U+00f4
zw	zw	nzwa-eh, mü◦zwi	mzieme, chokri	2	U+007a U+0077
|g	|g	n-|gek, n-|gup	jingpho, liangmai	2	U+007c U+0067
ṭh	ṭh	kawṭhalo, siamṭha	lushai	2	U+1e6d U+0068
ṅh	ŋ̥̥	sim:◦ṅhak, cā◦ṅhak	burmesewritten	2	U+1e45 U+0068
eʼ$	eʼ	rhweʼ, tweʼ	burmesewritten	2	U+0065 U+02bc U+0024
V	V	sVp, mVr?ri	angamikhonoma, jingpho	2	U+0056
î$	iː	mî, lî	lushai	2	U+00ee U+0024
'k	k	n'kim, n'kieng	mzieme	2	U+0027 U+006b
^lhw	lhw	lhwa, lhwā	burmesewritten	2	U+005e U+006c U+0068 U+0077
ds	ds	ndudsi, bkadsa	tibetanwritten, liangmai	2	U+0064 U+0073
ʔ	ʔ	aküpraʔi, yaʔ◦ya◦ne	sangtam	2	U+0294
dd	dd	laddum, deddu	liangmai	2	U+0064 U+0064
^ṅw	 w	ṅwe	burmesewritten	2	U+005e U+1e45 U+0077
^fh	fh	fhu◦rro, fhufo	lotha	2	U+005e U+0066 U+0068
kh$	kʰ	gansakh, wan◦kükh	nruanghmei, chang	2	U+006b U+0068 U+0024
rsh	rsh	ngathorshong, arsho	kezhama, tangkhul	2	U+0072 U+0073 U+0068
^dw	dw	dwi, dwa	jingpho, mzieme	2	U+005e U+0064 U+0077
ṅṅ	ŋ ŋ	chuṅṅu, nyuṅṅu	tibetanwritten	2	U+1e45 U+1e45
aˊ$	aˊ	kyaˊ, raˊ	burmesewritten	2	U+0061 U+02ca U+0024
ī:h	īːh	mī:huiṅ, han:sī:hān:rwak	burmesewritten	2	U+012b U+003a U+0068
ñs	ɲs	taññsī:, tatuiṅ:tapraññsā	burmesewritten	2	U+00f1 U+0073
'o	o	chu'obs, kekho'ong	tibetanwritten, ntenyi	2	U+0027 U+006f
^phw	phw	phwai, phwaṅʼ	burmesewritten	2	U+005e U+0070 U+0068 U+0077
aʼ$	aʼ	-raʼ, aphaʼ	burmesewritten	2	U+0061 U+02bc U+0024
üshw	üshw	kümüshwi, khüshwü	chokri	2	U+00fc U+0073 U+0068 U+0077
nʼ	n’	aminʼpe:	burmesewritten	1	U+006e U+02bc
vw	vw	tapvwi	lotha	1	U+0076 U+0077
swh	swh	boswhe	rengma	1	U+0073 U+0077 U+0068
aˋ$	aˋ	'thug◦paˋ	tibetanwritten	1	U+0061 U+02cb U+0024
jh	jh	ejhüpa	kezhama	1	U+006a U+0068
g|	g|	phi-ing|◦a◦bong	mikir	1	U+0067 U+007c
^gʒ	gʒ	gʒima	tibetanwritten	1	U+005e U+0067 U+0292
ã	ã	tuilãkna	lushai	1	U+00e3
^ch˯	ch˯	ch˯a˯hei	tangkhul	1	U+005e U+0063 U+0068 U+02ef
^aa	aː	a-aniba	sema	1	U+005e U+0061 U+0061
jw	jw	ta◦jwang	liangmai	1	U+006a U+0077
b̥	b̥	ab̥angin	lushai	1	U+0062 U+0325
vh	vh	o◦pvhü	lotha	1	U+0076 U+0068
a˯	a˯	ch˯a˯hei	tangkhul	1	U+0061 U+02ef
rwh	rwh	kürwhi	meluri	1	U+0072 U+0077 U+0068
é	é	jé◦jei	phom	1	U+00e9
á	á	t̥iáu	lushai	1	U+00e1
^'m	m	'mtala	sema	1	U+005e U+0027 U+006d
ṁ:s	<?>	saluṁ:sā:	burmesewritten	1	U+1e41 U+003a U+0073
's	s	se'se'	sangtam	1	U+0027 U+0073
^nwh	nwh	nwhi	ntenyi	1	U+005e U+006e U+0077 U+0068
fw	fw	te◦pfwong	rengma	1	U+0066 U+0077
ā:s	āːs	kyā:sac	burmesewritten	1	U+0101 U+003a U+0073
^'o$	o	'o	tibetanwritten	1	U+005e U+0027 U+006f U+0024
keng◦sarti (apok)	<???>	keng◦sarti (apok)	mikir	1	U+006b U+0065 U+006e U+0067 U+25e6 U+0073 U+0061 U+0072 U+0074 U+0069 U+0020 U+0028 U+0061 U+0070 U+006f U+006b U+0029
'	<?>	khütsinih'-mük	nruanghmei	1	U+0027
^nhs	nhs	nhsan	jingpho	1	U+005e U+006e U+0068 U+0073
'r	r	nih'ruai	nruanghmei	1	U+0027 U+0072
^saC$	ts a n	saC	jingpho	1	U+0043 U+0024
^nswh	nswh	nswhenka	rengma	1	U+005e U+006e U+0073 U+0077 U+0068
^?	<?>	?nda	liangmai	1	U+005e U+003f
^e̊	e̥	e̊rh	lushai	1	U+005e U+0065 U+030a
cc	cc	saccāprukhraṅ	burmesewritten	1	U+0063 U+0063
psh	psh	yepshang	chang	1	U+0070 U+0073 U+0068
^r̥	r̥	r̥agdai	maram	1	U+005e U+0072 U+0325
sh$	sh	yash	angamikhonoma	1	U+0073 U+0068 U+0024
r̊	r̥	sr̊ama	tibetanwritten	1	U+0072 U+030a
m̩	m̩	chom̩at	mikir	1	U+006d U+0329
^ū$	ū	ū	burmesewritten	1	U+005e U+016b U+0024
ī:sw	īːsw	mī:swe	burmesewritten	1	U+012b U+003a U+0073 U+0077
^aa$	aː	a-a	sema	1	U+005e U+0061 U+0061 U+0024
ns$	ns	'gens	tibetanwritten	1	U+006e U+0073 U+0024
'gh	gh	a◦mkhu◦'ghi	sema	1	U+0027 U+0067 U+0068
ɛ	ɛ	khɛ◦tok	wancho	1	U+025b
ke◦cheng (a◦rep◦i)	<???>	ke◦cheng (a◦rep◦i)	mikir	1	U+006b U+0065 U+25e6 U+0063 U+0068 U+0065 U+006e U+0067 U+0020 U+0028 U+0061 U+25e6 U+0072 U+0065 U+0070 U+25e6 U+0069 U+0029
üsh$	üsh	imüsh	sangtam	1	U+00fc U+0073 U+0068 U+0024
^û	û	ûm	lushai	1	U+005e U+00fb
'nw	'nw	m'nwa	mzieme	1	U+0027 U+006e U+0077
ñʼ	ɲ’	kraññʼ◦rhā	burmesewritten	1	U+00f1 U+02bc
^K	<?>	Kütu	sangtam	1	U+005e U+004b
i̇	i̇	kyaṅi̇ayim	burmesewritten	1	U+0069 U+0307
'h	h	n'hai	mzieme	1	U+0027 U+0068
ñ$	ɲ	taṁcañ	burmesewritten	1	U+00f1 U+0024
ŋ$	ŋ	pauŋ	yimchungru	1	U+014b U+0024
ʔsh	ʔsh	noʔshing	sangtam	1	U+0294 U+0073 U+0068
ï	i	jïüpü	phom	1	U+00ef
j$	j	yaj	burmesewritten	1	U+006a U+0024
|t	|t	de l-|tar	tibetanwritten	1	U+007c U+0074
ṁ:	<?>	byuṁ:kanai	burmesewritten	1	U+1e41 U+003a
o:	oː	to:ji◦chi◦len	aochungli	1	U+006f U+003a
ñʼ$	ɲ’	kraññʼ	burmesewritten	1	U+00f1 U+02bc U+0024
aʼ	aʼ	mejang◦aʼ a◦yip	aochungli	1	U+0061 U+02bc
ghw	ghw	ighwono	sema	1	U+0067 U+0068 U+0077
ɑ	ɑ	sahɑi	tangkhul	1	U+0251
n:s	nːs	han:sī:hān:rwak	burmesewritten	1	U+006e U+003a U+0073
ũ	ũ	ngũghjümbü	chang	1	U+0169
^ü$	u	ü	yimchungru	1	U+005e U+00fc U+0024
nhˊ$	nhˊ	khunhˊ	nruanghmei	1	U+006e U+0068 U+02ca U+0024
^'u	u	'ugpa	tibetanwritten	1	U+005e U+0027 U+0075
^swh	swh	swhi	rengma	1	U+005e U+0073 U+0077 U+0068
a:$	aː	sakhwa:	burmesewritten	1	U+0061 U+003a U+0024
^l$	l	l	tangkhul	1	U+005e U+006c U+0024
ń:$	ńː	koń:	burmesewritten	1	U+0144 U+003a U+0024
nˋ$	nˋ	makhawnˋ	jingpho	1	U+006e U+02cb U+0024
lhw	lhw	apraclhwat	burmesewritten	1	U+006c U+0068 U+0077
^ii	iː	iingdeng	mikir	1	U+005e U+0069 U+0069
^lsh	lsh	lshor	dimasa	1	U+005e U+006c U+0073 U+0068
^ṭh	ṭh	ṭhi	lushai	1	U+005e U+1e6d U+0068
^ā:	āː	ā:naññ	burmesewritten	1	U+005e U+0101 U+003a
'kh	kʰ	'khal 'khel	tibetanwritten	1	U+0027 U+006b U+0068
ñ:	ɲː	anaññ:ṅay	burmesewritten	1	U+00f1 U+003a
m̊:	m̥ː	chum̊:rhum̊:	burmesewritten	1	U+006d U+030a U+003a
'th	tʰ	khrag'thuṅ'bu	tibetanwritten	1	U+0027 U+0074 U+0068
g:	gː	chung:ingsam	mikir	1	U+0067 U+003a
ù	ù	pùp	jingpho	1	U+00f9
üwh	üwh	chhüwhuo	angamikohima	1	U+00fc U+0077 U+0068
dzü; thevü◦dzü	<???>	dzü; thevü◦dzü	angamikohima	1	U+0064 U+007a U+00fc U+003b U+0020 U+0074 U+0068 U+0065 U+0076 U+00fc U+25e6 U+0064 U+007a U+00fc
^ms	ms	msi	mzieme	1	U+005e U+006d U+0073
^ps	ps	psü	kezhama	1	U+005e U+0070 U+0073
ws	ws	khawsik	lushai	1	U+0077 U+0073
u:	uː	kye:ĵu:taṅ	burmesewritten	1	U+0075 U+003a
^m$	m	m	lotha	1	U+005e U+006d U+0024
ïh$	ïh	haïh	chang	1	U+00ef U+0068 U+0024
^ô$	ô	ô.	burmesewritten	1	U+005e U+00f4 U+0024
VV	<?>	khVVpui	lushai	1	U+0056 U+0056
'ths	tʰs	bro-'thsal	tibetanwritten	1	U+0027 U+0074 U+0068 U+0073
ḁ	<?>	tḁkon	khoirao	1	U+1e01
a:	aː	kwa:lhe	burmesewritten	1	U+0061 U+003a
tsaw/tsóʔ	<???>	tsaw/tsóʔ	jingpho	1	U+0074 U+0073 U+0061 U+0077 U+002f U+0074 U+0073 U+00f3 U+0294
û$	û	koplinbû	chang	1	U+00fb U+0024
^ʔ	ʔ	ʔyuʔ	jingpho	1	U+005e U+0294
åw	åw	såwm◦pali	lushai	1	U+00e5 U+0077
u:$	uː	na◦phu:	burmesewritten	1	U+0075 U+003a U+0024
Nw	<?>	khwaisoNwe	burmesewritten	1	U+004e U+0077
^'p	p	'prad	tibetanwritten	1	U+005e U+0027 U+0070
'e$	e	khe'e	ntenyi	1	U+0027 U+0065 U+0024
gʒ	gʒ	smyugʒu	tibetanwritten	1	U+0067 U+0292
ls	ls	malsâwm	lushai	1	U+006c U+0073
bʒ	bʒ	cu-bʒi	tibetanwritten	1	U+0062 U+0292
1$	<?>	a◦ghü1	kezhama	1	U+0031 U+0024
^thswa$	tsʰ w a	thswa	tibetanwritten	1	U+005e U+0074 U+0068 U+0073 U+0077
ö$	o	nchö	lotha	1	U+00f6 U+0024
mhˊ	mhˊ	rümhˊma	nruanghmei	1	U+006d U+0068 U+02ca
xh	xh	axhü	ntenyi	1	U+0078 U+0068
^bw	bw	bwangsu	liangmai	1	U+005e U+0062 U+0077
ə$	ə	rüzə	angamikohima	1	U+0259 U+0024
t̥	t̥	ril◦t̥am	lushai	1	U+0074 U+0325
mʼ$	m’	nimʼ	burmesewritten	1	U+006d U+02bc U+0024
ũ$	ũ	langzũ	aochungli	1	U+0169 U+0024
ĥ	<?>	cĥing	lushai	1	U+0125
^tsw	tsw	tswa	mzieme	1	U+005e U+0074 U+0073 U+0077
à	à	gànan	burmesewritten	1	U+00e0
bhw	bhw	a◦bhwā:	burmesewritten	1	U+0062 U+0068 U+0077
ghs	ghs	lüghsügh-	chang	1	U+0067 U+0068 U+0073
^ˋph	ˋph	ˋpham:	burmesewritten	1	U+005e U+02cb U+0070 U+0068
shü◦rem / ki	sh y + r e m	shü◦rem / ki	sangtam	1	U+0073 U+0068 U+00fc U+25e6 U+0072 U+0065 U+006d U+0020 U+002f U+0020 U+006b U+0069
hw	hw	phak◦hwü	chokri	1	U+0068 U+0077
ĵ	ĵ	kye:ĵu:taṅ	burmesewritten	1	U+0135
^'ā:$	āː	'ā:	burmesewritten	1	U+005e U+0027 U+0101 U+003a U+0024
^â$	â	â	lushai	1	U+005e U+00e2 U+0024
r̊$	r̥	phar̊	tibetanwritten	1	U+0072 U+030a U+0024
^ū	ū	ū◦nyiei	konyak	1	U+005e U+016b
^cw	cw	cwam:mā	burmesewritten	1	U+005e U+0063 U+0077
üss	üss	aküssa	sema	1	U+00fc U+0073 U+0073
