ID	CONCEPT	GRAPHEMES	DOCULECT	IPA	TOKENS
1	to make	yanglu	Ao-Chungli	jaŋlu	j a ŋ l u
2	beard	bangsem	Ao-Chungli	baŋsem	b a ŋ s e m
3	axe	po	Ao-Chungli	po	p o
4	lamp	totsü	Ao-Chungli	totsə	t o t s ə
5	lamp	milen	Ao-Chungli	milen	m i l e n
6	to become	aküm	Ao-Chungli	akəm	a k ə m
7	window	tanedangtsü	Ao-Chungli	tanedaŋtsə	t a n e d a ŋ t s ə
8	again	tanaben	Ao-Chungli	tanaben	t a n a b e n
9	like(as)	ama	Ao-Chungli	ama	a m a
10	frog	allu	Ao-Chungli	allu	a l l u
11	soul	tanela	Ao-Chungli	tanela	t a n e l a
12	owner	kibur	Ao-Chungli	kibur	k i b u r
13	market	wati	Ao-Chungli	wati	w a t i
14	market	shishidak	Ao-Chungli	ʃiʃidak	ʃ i ʃ i d a k
15	high	telangka	Ao-Chungli	telaŋka	t e l a ŋ k a
16	eye	tenük	Ao-Chungli	tenək	t e n ə k
17	ladle		Ao-Chungli		
18	serow	shiwu	Ao-Chungli	ʃiwu	ʃ i w u
19	locust	atatangko	Ao-Chungli	atataŋko	a t a t a ŋ k o
20	to arrive	atong	Ao-Chungli	atoŋ	a t o ŋ
21	horn	tezü	Ao-Chungli	tezə	t e z ə
22	fourteen	teripezü	Ao-Chungli	teripezə	t e r i p e z ə
23	to fill	asung	Ao-Chungli	asuŋ	a s u ŋ
24	sugar	mojitsü	Ao-Chungli	moɟ͡ʝitsə	m o ɟ͡ʝ i t s ə
25	big	tulu	Ao-Chungli	tulu	t u l u
26	to receive	agi	Ao-Chungli	agi	a g i
27	to push	anung	Ao-Chungli	anuŋ	a n u ŋ
28	to shine	apu	Ao-Chungli	apu	a p u
29	to shine	yar	Ao-Chungli	jar	j a r
30	palm(of hand)	tekabo	Ao-Chungli	tekabo	t e k a b o
31	bull	nashi-pungchi	Ao-Chungli	naʃi+puŋc͡çʰi	n a ʃ i + p u ŋ c͡çʰ i
32	roof	kilim	Ao-Chungli	kilim	k i l i m
33	to teach	sayu	Ao-Chungli	saju	s a j u
34	flood	tzü-atsung-bang	Ao-Chungli	ɟ͡ʝə+atsuŋ+baŋ	ɟ͡ʝ ə + a t s u ŋ + b a ŋ
35	stone	lung	Ao-Chungli	luŋ	l u ŋ
36	to eat	achi	Ao-Chungli	ac͡çʰi	a c͡çʰ i
37	bride	taniokla	Ao-Chungli	taniokla	t a n i o k l a
38	basket(large,storage)	jangbong	Ao-Chungli	ɟ͡ʝaŋboŋ	ɟ͡ʝ a ŋ b o ŋ
39	full	asung	Ao-Chungli	asuŋ	a s u ŋ
40	mouth	tebang	Ao-Chungli	tebaŋ	t e b a ŋ
41	flea	razübong	Ao-Chungli	razəboŋ	r a z ə b o ŋ
42	to talk	o-zümbi	Ao-Chungli	o+zəmbi	o + z ə m b i
43	fast(quick)	tekara	Ao-Chungli	tekara	t e k a r a
44	to smile		Ao-Chungli		
45	belly	tepok	Ao-Chungli	tepok	t e p o k
46	yellow	tenenya	Ao-Chungli	tenenja	t e n e n j a
47	sixteen	teritrok	Ao-Chungli	teritrok	t e r i t r o k
48	throat	terok	Ao-Chungli	terok	t e r o k
49	buffalo	jangbong	Ao-Chungli	ɟ͡ʝaŋboŋ	ɟ͡ʝ a ŋ b o ŋ
50	a stick	song	Ao-Chungli	soŋ	s o ŋ
51	bamboo	lungmi	Ao-Chungli	luŋmi	l u ŋ m i
52	bamboo	ao	Ao-Chungli	ao	a o
53	to kill	tepset	Ao-Chungli	tepset	t e p s e t
54	hair(of body)	tejung	Ao-Chungli	teɟ͡ʝuŋ	t e ɟ͡ʝ u ŋ
55	pumpkin	koromeja	Ao-Chungli	koromeɟ͡ʝa	k o r o m e ɟ͡ʝ a
56	to save	kümzük	Ao-Chungli	kəmzək	k ə m z ə k
57	and	aser	Ao-Chungli	aser	a s e r
58	bead	ajük	Ao-Chungli	aɟ͡ʝək	a ɟ͡ʝ ə k
59	mosquito	merila	Ao-Chungli	merila	m e r i l a
60	to serve	tenzük	Ao-Chungli	tenzək	t e n z ə k
61	then	ajangla	Ao-Chungli	aɟ͡ʝaŋla	a ɟ͡ʝ a ŋ l a
62	then	idangji	Ao-Chungli	idaŋɟ͡ʝi	i d a ŋ ɟ͡ʝ i
63	grandmother	otzü	Ao-Chungli	oɟ͡ʝə	o ɟ͡ʝ ə
64	thirty	semer	Ao-Chungli	semer	s e m e r
65	to awake, to awaken	saka	Ao-Chungli	saka	s a k a
66	to wait	ata-ali	Ao-Chungli	ata+ali	a t a + a l i
67	juice	tzü	Ao-Chungli	ɟ͡ʝə	ɟ͡ʝ ə
68	tall	talangka	Ao-Chungli	talaŋka	t a l a ŋ k a
69	pig(wild)	pungzü	Ao-Chungli	puŋzə	p u ŋ z ə
70	to gather	benden	Ao-Chungli	benden	b e n d e n
71	shoe	tsungsem	Ao-Chungli	tsuŋsem	t s u ŋ s e m
72	clay	ajungli	Ao-Chungli	aɟ͡ʝuŋli	a ɟ͡ʝ u ŋ l i
73	to cut(with axe)	aleu	Ao-Chungli	aleu	a l e u
74	tobacco	moko	Ao-Chungli	moko	m o k o
75	rotten	teshirep	Ao-Chungli	teʃirep	t e ʃ i r e p
76	to run	asüm	Ao-Chungli	asəm	a s ə m
77	mithan(gayal, bos fontalis)	sü	Ao-Chungli	sə	s ə
78	to desire	nü	Ao-Chungli	nə	n ə
79	pot	po	Ao-Chungli	po	p o
80	to order	ozüng-ashiba	Ao-Chungli	ozəŋ+aʃiba	o z ə ŋ + a ʃ i b a
81	to beat	azük	Ao-Chungli	azək	a z ə k
82	without(sine)	meteni	Ao-Chungli	meteni	m e t e n i
83	without(sine)	makai	Ao-Chungli	makai	m a k a i
84	intestines	tar	Ao-Chungli	tar	t a r
85	fifteen	teripungu	Ao-Chungli	teripuŋu	t e r i p u ŋ u
86	noise	ola	Ao-Chungli	ola	o l a
87	porcupine	jepchu	Ao-Chungli	ɟ͡ʝepc͡çʰu	ɟ͡ʝ e p c͡çʰ u
88	knife	kotari	Ao-Chungli	kotari	k o t a r i
89	to bear(fruit)	iatang	Ao-Chungli	iataŋ	i a t a ŋ
90	to rise	adok	Ao-Chungli	adok	a d o k
91	cane	mechi	Ao-Chungli	mec͡çʰi	m e c͡çʰ i
92	cane	ajok	Ao-Chungli	aɟ͡ʝok	a ɟ͡ʝ o k
93	dish	ausu	Ao-Chungli	ausu	a u s u
94	chillie	meresü	Ao-Chungli	meresə	m e r e s ə
95	milk	mamatzü	Ao-Chungli	mamaɟ͡ʝə	m a m a ɟ͡ʝ ə
96	sand	lisem	Ao-Chungli	lisem	l i s e m
97	dirty	jana	Ao-Chungli	ɟ͡ʝana	ɟ͡ʝ a n a
98	dirty	arür	Ao-Chungli	arər	a r ə r
99	servant	aler	Ao-Chungli	aler	a l e r
100	servant	kilir	Ao-Chungli	kilir	k i l i r
101	shuttle	süksen	Ao-Chungli	səksen	s ə k s e n
102	to swear	azüng	Ao-Chungli	azəŋ	a z ə ŋ
103	daughter	jala	Ao-Chungli	ɟ͡ʝala	ɟ͡ʝ a l a
104	clock	anütetsü	Ao-Chungli	anətetsə	a n ə t e t s ə
105	wife	kinungtzü	Ao-Chungli	kinuŋɟ͡ʝə	k i n u ŋ ɟ͡ʝ ə
106	head	tokolak	Ao-Chungli	tokolak	t o k o l a k
107	to send	yok	Ao-Chungli	jok	j o k
108	urine	natzü	Ao-Chungli	naɟ͡ʝə	n a ɟ͡ʝ ə
109	green(colour)	tajüm	Ao-Chungli	taɟ͡ʝəm	t a ɟ͡ʝ ə m
110	to learn	tekongra	Ao-Chungli	tekoŋra	t e k o ŋ r a
111	shield	jong	Ao-Chungli	ɟ͡ʝoŋ	ɟ͡ʝ o ŋ
112	towards	tsütsü	Ao-Chungli	tsətsə	t s ə t s ə
113	naked	mangsa	Ao-Chungli	maŋsa	m a ŋ s a
114	naked	pusa	Ao-Chungli	pusa	p u s a
115	to finish	-ma	Ao-Chungli	+ma	+ m a
116	to finish	zuk	Ao-Chungli	zuk	z u k
117	to climb	asük-atu	Ao-Chungli	asək+atu	a s ə k + a t u
118	to tie	mesü	Ao-Chungli	mesə	m e s ə
119	old woman	tantzür	Ao-Chungli	tanɟ͡ʝər	t a n ɟ͡ʝ ə r
120	tears(weeping)	nuktzü	Ao-Chungli	nukɟ͡ʝə	n u k ɟ͡ʝ ə
121	well(adv.)	jungjunga	Ao-Chungli	ɟ͡ʝuŋɟ͡ʝuŋa	ɟ͡ʝ u ŋ ɟ͡ʝ u ŋ a
122	to spit	metsü-metsü	Ao-Chungli	metsə+metsə	m e t s ə + m e t s ə
123	jaw	tekümret	Ao-Chungli	tekəmret	t e k ə m r e t
124	jaw	teponü	Ao-Chungli	teponə	t e p o n ə
125	rib	tesaret	Ao-Chungli	tesaret	t e s a r e t
126	to sweep	aok	Ao-Chungli	aok	a o k
127	to sweep	oktok	Ao-Chungli	oktok	o k t o k
128	diarrhoea	pokshi	Ao-Chungli	pokʃi	p o k ʃ i
129	to jump	pungshishi	Ao-Chungli	puŋʃiʃi	p u ŋ ʃ i ʃ i
130	few	ishika	Ao-Chungli	iʃika	i ʃ i k a
131	flour	am	Ao-Chungli	am	a m
132	rice(uncooked)	jang	Ao-Chungli	ɟ͡ʝaŋ	ɟ͡ʝ a ŋ
133	chest(of body)	toko	Ao-Chungli	toko	t o k o
134	reed	suzu	Ao-Chungli	suzu	s u z u
135	reed	kümbok	Ao-Chungli	kəmbok	k ə m b o k
136	other	tangar	Ao-Chungli	taŋar	t a ŋ a r
137	country	lima	Ao-Chungli	lima	l i m a
138	road	len	Ao-Chungli	len	l e n
139	after	tesü	Ao-Chungli	tesə	t e s ə
140	after	kelen	Ao-Chungli	kelen	k e l e n
141	to thank	nüngsang	Ao-Chungli	nəŋsaŋ	n ə ŋ s a ŋ
142	husband	kibuba	Ao-Chungli	kibuba	k i b u b a
143	old(of things)	tejen	Ao-Chungli	teɟ͡ʝen	t e ɟ͡ʝ e n
144	son	jabaso	Ao-Chungli	ɟ͡ʝabaso	ɟ͡ʝ a b a s o
145	Left-hand	tabalen	Ao-Chungli	tabalen	t a b a l e n
146	to play(music)	atem	Ao-Chungli	atem	a t e m
147	thin	apu-apu	Ao-Chungli	apu+apu	a p u + a p u
148	to tear	shisa	Ao-Chungli	ʃisa	ʃ i s a
149	king	tsuba	Ao-Chungli	tsuba	t s u b a
150	king	unger	Ao-Chungli	uŋer	u ŋ e r
151	bone	teret	Ao-Chungli	teret	t e r e t
152	father	tebu	Ao-Chungli	tebu	t e b u
153	food	chiyongtsü	Ao-Chungli	c͡çʰijoŋtsə	c͡çʰ i j o ŋ t s ə
154	to cough	aket	Ao-Chungli	aket	a k e t
155	to suffer	timatüm	Ao-Chungli	timatəm	t i m a t ə m
156	rake		Ao-Chungli		
157	peacock	toti	Ao-Chungli	toti	t o t i
158	back(of the body)	teperem	Ao-Chungli	teperem	t e p e r e m
159	back(of the body)	terongtong	Ao-Chungli	teroŋtoŋ	t e r o ŋ t o ŋ
160	to spin(cotton)	ayin	Ao-Chungli	ajin	a j i n
161	belt(for weaving)		Ao-Chungli		
162	mud	tzüji	Ao-Chungli	ɟ͡ʝəɟ͡ʝi	ɟ͡ʝ ə ɟ͡ʝ i
163	mud	lishi	Ao-Chungli	liʃi	l i ʃ i
164	to snore	teni-akong	Ao-Chungli	teni+akoŋ	t e n i + a k o ŋ
165	to quarrel	rara	Ao-Chungli	rara	r a r a
166	belt(girdle)	nangri	Ao-Chungli	naŋri	n a ŋ r i
167	banana	songmumu	Ao-Chungli	soŋmumu	s o ŋ m u m u
168	to fast	lumi	Ao-Chungli	lumi	l u m i
169	to cook	soro	Ao-Chungli	soro	s o r o
170	lungs	tepokpok	Ao-Chungli	tepokpok	t e p o k p o k
171	necklace	wangküm	Ao-Chungli	waŋkəm	w a ŋ k ə m
172	necklace	azüktui	Ao-Chungli	azəktui	a z ə k t u i
173	weft		Ao-Chungli		
174	fig	mungojang	Ao-Chungli	muŋoɟ͡ʝaŋ	m u ŋ o ɟ͡ʝ a ŋ
175	husk		Ao-Chungli		
176	forest	mein	Ao-Chungli	mein	m e i n
177	forest	arem	Ao-Chungli	arem	a r e m
178	near	anasa	Ao-Chungli	anasa	a n a s a
179	near	merep	Ao-Chungli	merep	m e r e p
180	ivory	shitipo	Ao-Chungli	ʃitipo	ʃ i t i p o
181	basket(back,manΓÇÖs)	ku	Ao-Chungli	ku	k u
182	thing	oset	Ao-Chungli	oset	o s e t
183	knot(in string)	mesü	Ao-Chungli	mesə	m e s ə
184	to hunt	bushi	Ao-Chungli	buʃi	b u ʃ i
185	shame	maksü	Ao-Chungli	maksə	m a k s ə
186	to pierce	atsüng	Ao-Chungli	atsəŋ	a t s ə ŋ
187	to pierce	rüok	Ao-Chungli	rəok	r ə o k
188	easy	melamelar	Ao-Chungli	melamelar	m e l a m e l a r
189	lemon		Ao-Chungli		
190	to bear( a child)	asongdang	Ao-Chungli	asoŋdaŋ	a s o ŋ d a ŋ
191	snake	per	Ao-Chungli	per	p e r
192	wise	tashi-temeter	Ao-Chungli	taʃi+temeter	t a ʃ i + t e m e t e r
193	grass	aei	Ao-Chungli	aei	a e i
194	now	tanga	Ao-Chungli	taŋa	t a ŋ a
195	pregnant	temang-mazüng	Ao-Chungli	temaŋ+mazəŋ	t e m a ŋ + m a z ə ŋ
196	to read	ashi	Ao-Chungli	aʃi	a ʃ i
197	man(mankind)	nisung	Ao-Chungli	nisuŋ	n i s u ŋ
198	man(mankind)	nü	Ao-Chungli	nə	n ə
199	to dig	ato	Ao-Chungli	ato	a t o
200	name	tenüng	Ao-Chungli	tenəŋ	t e n ə ŋ
201	lip	tebangmechi	Ao-Chungli	tebaŋmec͡çʰi	t e b a ŋ m e c͡çʰ i
202	to forget	ama	Ao-Chungli	ama	a m a
203	to sting	metak	Ao-Chungli	metak	m e t a k
204	brain	tokolok	Ao-Chungli	tokolok	t o k o l o k
205	a crow	waro	Ao-Chungli	waro	w a r o
206	necessary	tenüngdaktsü	Ao-Chungli	tenəŋdaktsə	t e n ə ŋ d a k t s ə
207	silver	taribi	Ao-Chungli	taribi	t a r i b i
208	leaf	to	Ao-Chungli	to	t o
209	leaf	songo	Ao-Chungli	soŋo	s o ŋ o
210	rough	terara	Ao-Chungli	terara	t e r a r a
211	to wear	sü-aben	Ao-Chungli	sə+aben	s ə + a b e n
212	ditch	tarok	Ao-Chungli	tarok	t a r o k
213	rat	kwiya	Ao-Chungli	kwija	k w i j a
214	nest	tesep	Ao-Chungli	tesep	t e s e p
215	every	ajak	Ao-Chungli	aɟ͡ʝak	a ɟ͡ʝ a k
216	thorn	ayi	Ao-Chungli	aji	a j i
217	a grave	lepür	Ao-Chungli	lepər	l e p ə r
218	cat	tannü	Ao-Chungli	tannə	t a n n ə
219	morung(men's dormitory)	arichu	Ao-Chungli	aric͡çʰu	a r i c͡çʰ u
220	butterfly	shinü	Ao-Chungli	ʃinə	ʃ i n ə
221	a bear	shim	Ao-Chungli	ʃim	ʃ i m
222	angry	ain-adok	Ao-Chungli	ain+adok	a i n + a d o k
223	sweet	tanang	Ao-Chungli	tanaŋ	t a n a ŋ
224	to get	angu	Ao-Chungli	aŋu	a ŋ u
225	mat	pakti	Ao-Chungli	pakti	p a k t i
226	mat	apak	Ao-Chungli	apak	a p a k
227	speech	o	Ao-Chungli	o	o
228	speech	otsü	Ao-Chungli	otsə	o t s ə
229	shell	terep	Ao-Chungli	terep	t e r e p
230	soft	tanük	Ao-Chungli	tanək	t a n ə k
231	soft	tamen	Ao-Chungli	tamen	t a m e n
232	boy	tanur-tebur	Ao-Chungli	tanur+tebur	t a n u r + t e b u r
233	thread	ang	Ao-Chungli	aŋ	a ŋ
234	thread	angsü	Ao-Chungli	aŋsə	a ŋ s ə
235	hungry	ayar	Ao-Chungli	ajar	a j a r
236	hook	zui	Ao-Chungli	zui	z u i
237	hook	boroki	Ao-Chungli	boroki	b o r o k i
238	at	-nung	Ao-Chungli	+nuŋ	+ n u ŋ
239	so(like that)	ita	Ao-Chungli	ita	i t a
240	to begin	tenzük	Ao-Chungli	tenzək	t e n z ə k
241	egg	aentzü	Ao-Chungli	aenɟ͡ʝə	a e n ɟ͡ʝ ə
242	work(n,)	mapa	Ao-Chungli	mapa	m a p a
243	tooth	tepo	Ao-Chungli	tepo	t e p o
244	to go	ao	Ao-Chungli	ao	a o
245	garlic	lasung	Ao-Chungli	lasuŋ	l a s u ŋ
246	turmeric	wakong	Ao-Chungli	wakoŋ	w a k o ŋ
247	umbrella	angshi	Ao-Chungli	aŋʃi	a ŋ ʃ i
248	to wrap	mei	Ao-Chungli	mei	m e i
249	song	ken	Ao-Chungli	ken	k e n
250	spear	atsüng	Ao-Chungli	atsəŋ	a t s ə ŋ
251	if	-ra	Ao-Chungli	+ra	+ r a
252	to smell	menem	Ao-Chungli	menem	m e n e m
253	water	tzü	Ao-Chungli	ɟ͡ʝə	ɟ͡ʝ ə
254	to believe	amang	Ao-Chungli	amaŋ	a m a ŋ
255	friend	temba	Ao-Chungli	temba	t e m b a
256	box	songden	Ao-Chungli	soŋden	s o ŋ d e n
257	life	taküm	Ao-Chungli	takəm	t a k ə m
258	each	shia	Ao-Chungli	ʃia	ʃ i a
259	hoof	temepi	Ao-Chungli	temepi	t e m e p i
260	dark	amang	Ao-Chungli	amaŋ	a m a ŋ
261	tired	anir	Ao-Chungli	anir	a n i r
262	tired	belem	Ao-Chungli	belem	b e l e m
263	light(of weight)	pungpar	Ao-Chungli	puŋpar	p u ŋ p a r
264	ashes	ap	Ao-Chungli	ap	a p
265	ashes	aot	Ao-Chungli	aot	a o t
266	pig(domestic)	ak	Ao-Chungli	ak	a k
267	what?	kechi	Ao-Chungli	kec͡çʰi	k e c͡çʰ i
268	what?	koba	Ao-Chungli	koba	k o b a
269	to understand	metet	Ao-Chungli	metet	m e t e t
270	to understand	shitet	Ao-Chungli	ʃitet	ʃ i t e t
271	why?	kechiba	Ao-Chungli	kec͡çʰiba	k e c͡çʰ i b a
272	shut	ayubang	Ao-Chungli	ajubaŋ	a j u b a ŋ
273	shut	shibang	Ao-Chungli	ʃibaŋ	ʃ i b a ŋ
274	thief	aor	Ao-Chungli	aor	a o r
275	oil	totzü	Ao-Chungli	toɟ͡ʝə	t o ɟ͡ʝ ə
276	to write	zilu	Ao-Chungli	zilu	z i l u
277	to write	atep	Ao-Chungli	atep	a t e p
278	all	ajak	Ao-Chungli	aɟ͡ʝak	a ɟ͡ʝ a k
279	all	temang	Ao-Chungli	temaŋ	t e m a ŋ
280	poison	mim	Ao-Chungli	mim	m i m
281	eighteen	tereti	Ao-Chungli	tereti	t e r e t i
282	hard	merang	Ao-Chungli	meraŋ	m e r a ŋ
283	hard	tasak	Ao-Chungli	tasak	t a s a k
284	he	pa	Ao-Chungli	pa	p a
285	to wash(face)	tejak-mei	Ao-Chungli	teɟ͡ʝak+mei	t e ɟ͡ʝ a k + m e i
286	straight	temotong	Ao-Chungli	temotoŋ	t e m o t o ŋ
287	hot	tatsük	Ao-Chungli	tatsək	t a t s ə k
288	wide	sadem-sademer	Ao-Chungli	sadem+sademer	s a d e m + s a d e m e r
289	four	pezü	Ao-Chungli	pezə	p e z ə
290	morning	tanüp	Ao-Chungli	tanəp	t a n ə p
291	bee	ninang	Ao-Chungli	ninaŋ	n i n a ŋ
292	to worship	külem	Ao-Chungli	kəlem	k ə l e m
293	bud	teben	Ao-Chungli	teben	t e b e n
294	thirteen	terasem	Ao-Chungli	terasem	t e r a s e m
295	to move		Ao-Chungli		
296	a little	ishika	Ao-Chungli	iʃika	i ʃ i k a
297	to choose	shim	Ao-Chungli	ʃim	ʃ i m
298	deaf	tenarong-ajak	Ao-Chungli	tenaroŋ+aɟ͡ʝak	t e n a r o ŋ + a ɟ͡ʝ a k
299	free(at liberty)	mesentak	Ao-Chungli	mesentak	m e s e n t a k
300	glad(to be)	pela	Ao-Chungli	pela	p e l a
301	the rain	tsunglu	Ao-Chungli	tsuŋlu	t s u ŋ l u
302	key	sabi	Ao-Chungli	sabi	s a b i
303	to answer	langzü	Ao-Chungli	laŋzə	l a ŋ z ə
304	to drink	ayong	Ao-Chungli	ajoŋ	a j o ŋ
305	there	idakji	Ao-Chungli	idakɟ͡ʝi	i d a k ɟ͡ʝ i
306	kidney	tezüngyang	Ao-Chungli	tezəŋjaŋ	t e z ə ŋ j a ŋ
307	gold	hon	Ao-Chungli	hon	h o n
308	Jaw's harp		Ao-Chungli		
309	word	o	Ao-Chungli	o	o
310	smooth	tesüsü	Ao-Chungli	tesəsə	t e s ə s ə
311	winter	tsüngkem	Ao-Chungli	tsəŋkem	t s ə ŋ k e m
312	three	asem	Ao-Chungli	asem	a s e m
313	to slip	azutok	Ao-Chungli	azutok	a z u t o k
314	rainbow	tungnusen	Ao-Chungli	tuŋnusen	t u ŋ n u s e n
315	bracelet	kap	Ao-Chungli	kap	k a p
316	bracelet	kisen	Ao-Chungli	kisen	k i s e n
317	square	pezünuk	Ao-Chungli	pezənuk	p e z ə n u k
318	square	pezüsü	Ao-Chungli	pezəsə	p e z ə s ə
319	lake	awatsüng	Ao-Chungli	awatsəŋ	a w a t s ə ŋ
320	post(of house)	tongnü	Ao-Chungli	toŋnə	t o ŋ n ə
321	young woman	aiür	Ao-Chungli	aiər	a i ə r
322	to play(a game)	asaya	Ao-Chungli	asaja	a s a j a
323	to kick	aka	Ao-Chungli	aka	a k a
324	to kick	ajüm	Ao-Chungli	aɟ͡ʝəm	a ɟ͡ʝ ə m
325	empty	tazüng	Ao-Chungli	tazəŋ	t a z ə ŋ
326	crooked	tekirak	Ao-Chungli	tekirak	t e k i r a k
327	among	rongnung	Ao-Chungli	roŋnuŋ	r o ŋ n u ŋ
328	brass	yongmen	Ao-Chungli	joŋmen	j o ŋ m e n
329	fever	ramen	Ao-Chungli	ramen	r a m e n
330	the chin	teküm	Ao-Chungli	tekəm	t e k ə m
331	hen	aentetzü	Ao-Chungli	aenteɟ͡ʝə	a e n t e ɟ͡ʝ ə
332	to shake	anok	Ao-Chungli	anok	a n o k
333	nineteen	terituku	Ao-Chungli	terituku	t e r i t u k u
334	whole	temang	Ao-Chungli	temaŋ	t e m a ŋ
335	to deceive	kelakoktsü	Ao-Chungli	kelakoktsə	k e l a k o k t s ə
336	heavy	taret	Ao-Chungli	taret	t a r e t
337	to untie	sala	Ao-Chungli	sala	s a l a
338	to pray	sarasadem	Ao-Chungli	sarasadem	s a r a s a d e m
339	to bless	moatsü	Ao-Chungli	moatsə	m o a t s ə
340	to join	mesemtep	Ao-Chungli	mesemtep	m e s e m t e p
341	can, able	kok	Ao-Chungli	kok	k o k
342	can, able	tet	Ao-Chungli	tet	t e t
343	bread	amtsük	Ao-Chungli	amtsək	a m t s ə k
344	scales(balance)	seret	Ao-Chungli	seret	s e r e t
345	meat	shi	Ao-Chungli	ʃi	ʃ i
346	to fly	ima-ao	Ao-Chungli	ima+ao	i m a + a o
347	branch	songsang	Ao-Chungli	soŋsaŋ	s o ŋ s a ŋ
348	ugly		Ao-Chungli		
349	elephant	shiti	Ao-Chungli	ʃiti	ʃ i t i
350	straw	monü	Ao-Chungli	monə	m o n ə
351	aunt	amu	Ao-Chungli	amu	a m u
352	neighbour	kiyonger	Ao-Chungli	kijoŋer	k i j o ŋ e r
353	in	nung	Ao-Chungli	nuŋ	n u ŋ
354	power	tashi	Ao-Chungli	taʃi	t a ʃ i
355	world	ali	Ao-Chungli	ali	a l i
356	world	lima	Ao-Chungli	lima	l i m a
357	brinjal(bengan, egg plant)	pentu	Ao-Chungli	pentu	p e n t u
358	sea	tzüyim	Ao-Chungli	ɟ͡ʝəjim	ɟ͡ʝ ə j i m
359	mustard	jibijang	Ao-Chungli	ɟ͡ʝibiɟ͡ʝaŋ	ɟ͡ʝ i b i ɟ͡ʝ a ŋ
360	by means of	age	Ao-Chungli	age	a g e
361	fat(noun)	temo	Ao-Chungli	temo	t e m o
362	leper	zütsüra-aketer	Ao-Chungli	zətsəra+aketer	z ə t s ə r a + a k e t e r
363	nose	teni	Ao-Chungli	teni	t e n i
364	cup	maraük	Ao-Chungli	maraək	m a r a ə k
365	within	nung	Ao-Chungli	nuŋ	n u ŋ
366	within	telung	Ao-Chungli	teluŋ	t e l u ŋ
367	to fell	alen	Ao-Chungli	alen	a l e n
368	black	tanak	Ao-Chungli	tanak	t a n a k
369	to wipe	aeidok	Ao-Chungli	aeidok	a e i d o k
370	wicked	talepzür	Ao-Chungli	talepzər	t a l e p z ə r
371	must	sayutsü	Ao-Chungli	sajutsə	s a j u t s ə
372	honey	mojitsü	Ao-Chungli	moɟ͡ʝitsə	m o ɟ͡ʝ i t s ə
373	monkey(generic)	shingo	Ao-Chungli	ʃiŋo	ʃ i ŋ o
374	to think	bilem	Ao-Chungli	bilem	b i l e m
375	to think	shisa	Ao-Chungli	ʃisa	ʃ i s a
376	cowrie	zübu	Ao-Chungli	zəbu	z ə b u
377	smoke	mokozü	Ao-Chungli	mokozə	m o k o z ə
378	sin	temenen	Ao-Chungli	temenen	t e m e n e n
379	to pull	atsü	Ao-Chungli	atsə	a t s ə
380	to sink	telunge-aei	Ao-Chungli	teluŋe+aei	t e l u ŋ e + a e i
381	betel(nut)	kweijang	Ao-Chungli	kweiɟ͡ʝaŋ	k w e i ɟ͡ʝ a ŋ
382	good	tajung	Ao-Chungli	taɟ͡ʝuŋ	t a ɟ͡ʝ u ŋ
383	sugar-cane	moji	Ao-Chungli	moɟ͡ʝi	m o ɟ͡ʝ i
384	to keep	ayu	Ao-Chungli	aju	a j u
385	to keep	rejung	Ao-Chungli	reɟ͡ʝuŋ	r e ɟ͡ʝ u ŋ
386	to live(to be alive)	taküm-ali	Ao-Chungli	takəm+ali	t a k ə m + a l i
387	people	pur	Ao-Chungli	pur	p u r
388	people	meimchir	Ao-Chungli	meimc͡çʰir	m e i m c͡çʰ i r
389	cold	temokong	Ao-Chungli	temokoŋ	t e m o k o ŋ
390	door	kishi	Ao-Chungli	kiʃi	k i ʃ i
391	side(of body)	tesa	Ao-Chungli	tesa	t e s a
392	to hold	amet	Ao-Chungli	amet	a m e t
393	to hold	sot	Ao-Chungli	sot	s o t
394	last(adj.)	tatüm	Ao-Chungli	tatəm	t a t ə m
395	last(adj.)	tesü	Ao-Chungli	tesə	t e s ə
396	sky	anüng	Ao-Chungli	anəŋ	a n ə ŋ
397	wax	nirep	Ao-Chungli	nirep	n i r e p
398	eighty	tir	Ao-Chungli	tir	t i r
399	moon	ita	Ao-Chungli	ita	i t a
400	peace	tesünep	Ao-Chungli	tesənep	t e s ə n e p
401	mouse	kwiya	Ao-Chungli	kwija	k w i j a
402	white	temesong	Ao-Chungli	temesoŋ	t e m e s o ŋ
403	I	ni	Ao-Chungli	ni	n i
404	clean	temerük	Ao-Chungli	temerək	t e m e r ə k
405	lazy	azü-masen	Ao-Chungli	azə+masen	a z ə + m a s e n
406	flat	matsük	Ao-Chungli	matsək	m a t s ə k
407	flat	tapak	Ao-Chungli	tapak	t a p a k
408	taro	yi	Ao-Chungli	ji	j i
409	rust	song	Ao-Chungli	soŋ	s o ŋ
410	war	arür	Ao-Chungli	arər	a r ə r
411	war	leptem	Ao-Chungli	leptem	l e p t e m
412	to help	yiari	Ao-Chungli	jiari	j i a r i
413	with(cum)	den	Ao-Chungli	den	d e n
414	with(cum)	ten	Ao-Chungli	ten	t e n
415	they	parnok	Ao-Chungli	parnok	p a r n o k
416	slave	alar	Ao-Chungli	alar	a l a r
417	proud	asükem	Ao-Chungli	asəkem	a s ə k e m
418	to bury	arem	Ao-Chungli	arem	a r e m
419	cheap	shizüba	Ao-Chungli	ʃizəba	ʃ i z ə b a
420	basket(back,womanΓÇÖs)	zi	Ao-Chungli	zi	z i
421	to steal	aoya	Ao-Chungli	aoja	a o j a
422	day	nü	Ao-Chungli	nə	n ə
423	day	anogo	Ao-Chungli	anogo	a n o g o
424	a wound	teiro	Ao-Chungli	teiro	t e i r o
425	night	aonung	Ao-Chungli	aonuŋ	a o n u ŋ
426	night	amang	Ao-Chungli	amaŋ	a m a ŋ
427	cave	leprüngki	Ao-Chungli	leprəŋki	l e p r ə ŋ k i
428	to praise	nüngsang	Ao-Chungli	nəŋsaŋ	n ə ŋ s a ŋ
429	sparrow	alushizük	Ao-Chungli	aluʃizək	a l u ʃ i z ə k
430	when?	kodang	Ao-Chungli	kodaŋ	k o d a ŋ
431	jungle	arem	Ao-Chungli	arem	a r e m
432	jungle	mein	Ao-Chungli	mein	m e i n
433	south	anudoklen-tip	Ao-Chungli	anudoklen+tip	a n u d o k l e n + t i p
434	sun	anü	Ao-Chungli	anə	a n ə
435	snail	küpra	Ao-Chungli	kəpra	k ə p r a
436	to fight	rara	Ao-Chungli	rara	r a r a
437	leg	tetsung	Ao-Chungli	tetsuŋ	t e t s u ŋ
438	copper	yongmenin	Ao-Chungli	joŋmenin	j o ŋ m e n i n
439	scissors	temejeptsü	Ao-Chungli	temeɟ͡ʝeptsə	t e m e ɟ͡ʝ e p t s ə
440	between	tsungdanung	Ao-Chungli	tsuŋdanuŋ	t s u ŋ d a n u ŋ
441	bow(for shooting)	lijak	Ao-Chungli	liɟ͡ʝak	l i ɟ͡ʝ a k
442	dog	azü	Ao-Chungli	azə	a z ə
443	sword(weaving)		Ao-Chungli		
444	rice(cooked)	chi	Ao-Chungli	c͡çʰi	c͡çʰ i
445	snow	rürjep	Ao-Chungli	rərɟ͡ʝep	r ə r ɟ͡ʝ e p
446	to throw	aon	Ao-Chungli	aon	a o n
447	dawn	sangwabang	Ao-Chungli	saŋwabaŋ	s a ŋ w a b a ŋ
448	land	ali	Ao-Chungli	ali	a l i
449	land	lima	Ao-Chungli	lima	l i m a
450	from	nunge	Ao-Chungli	nuŋe	n u ŋ e
451	face	tejak	Ao-Chungli	teɟ͡ʝak	t e ɟ͡ʝ a k
452	wonderful	saya-teyar	Ao-Chungli	saja+tejar	s a j a + t e j a r
453	bug		Ao-Chungli		
454	prison	tepuokdak-ki	Ao-Chungli	tepuokdak+ki	t e p u o k d a k + k i
455	to bring	aben	Ao-Chungli	aben	a b e n
456	to bring	anir-aru	Ao-Chungli	anir+aru	a n i r + a r u
457	to return(come back)	shilangtsü	Ao-Chungli	ʃilaŋtsə	ʃ i l a ŋ t s ə
458	pigeon	posü	Ao-Chungli	posə	p o s ə
459	maize	mendi	Ao-Chungli	mendi	m e n d i
460	great	tulu	Ao-Chungli	tulu	t u l u
461	great	tamaren	Ao-Chungli	tamaren	t a m a r e n
462	cow	nashi-tzüla	Ao-Chungli	naʃi+ɟ͡ʝəla	n a ʃ i + ɟ͡ʝ ə l a
463	cloth	sü	Ao-Chungli	sə	s ə
464	round(adj)	lunglunger	Ao-Chungli	luŋluŋer	l u ŋ l u ŋ e r
465	a dream	mangpu	Ao-Chungli	maŋpu	m a ŋ p u
466	house	ki	Ao-Chungli	ki	k i
467	where?	kechinung	Ao-Chungli	kec͡çʰinuŋ	k e c͡çʰ i n u ŋ
468	a question	asongdang	Ao-Chungli	asoŋdaŋ	a s o ŋ d a ŋ
469	oath	azüngashiba	Ao-Chungli	azəŋaʃiba	a z ə ŋ a ʃ i b a
470	old(of persons)	tasa	Ao-Chungli	tasa	t a s a
471	scorpion	jepja	Ao-Chungli	ɟ͡ʝepɟ͡ʝa	ɟ͡ʝ e p ɟ͡ʝ a
472	body	temang	Ao-Chungli	temaŋ	t e m a ŋ
473	skirt	teperam-sü	Ao-Chungli	teperam+sə	t e p e r a m + s ə
474	gourd	meso	Ao-Chungli	meso	m e s o
475	alone	kija	Ao-Chungli	kiɟ͡ʝa	k i ɟ͡ʝ a
476	alone	kisong	Ao-Chungli	kisoŋ	k i s o ŋ
477	to mend	tapok-atang	Ao-Chungli	tapok+ataŋ	t a p o k + a t a ŋ
478	to lose	madok	Ao-Chungli	madok	m a d o k
479	drum	asüm	Ao-Chungli	asəm	a s ə m
480	drum	songkung	Ao-Chungli	soŋkuŋ	s o ŋ k u ŋ
481	rich	takar	Ao-Chungli	takar	t a k a r
482	to lie down	mejanga-ao	Ao-Chungli	meɟ͡ʝaŋa+ao	m e ɟ͡ʝ a ŋ a + a o
483	to count	ajüng	Ao-Chungli	aɟ͡ʝəŋ	a ɟ͡ʝ ə ŋ
484	a saw	songrüngtsü	Ao-Chungli	soŋrəŋtsə	s o ŋ r ə ŋ t s ə
485	ant(red)	metemi	Ao-Chungli	metemi	m e t e m i
486	enemy	tsükchir	Ao-Chungli	tsəkc͡çʰir	t s ə k c͡çʰ i r
487	to suck	mesep	Ao-Chungli	mesep	m e s e p
488	bark(of tree)	tekap	Ao-Chungli	tekap	t e k a p
489	to call	aja	Ao-Chungli	aɟ͡ʝa	a ɟ͡ʝ a
490	quiet	songzük	Ao-Chungli	soŋzək	s o ŋ z ə k
491	letter	shiti	Ao-Chungli	ʃiti	ʃ i t i
492	to lead	anitet	Ao-Chungli	anitet	a n i t e t
493	sharp	techira	Ao-Chungli	tec͡çʰira	t e c͡çʰ i r a
494	to hate	tesempar	Ao-Chungli	tesempar	t e s e m p a r
495	tongue	temeli	Ao-Chungli	temeli	t e m e l i
496	to lie(to deceive)	tiazü	Ao-Chungli	tiazə	t i a z ə
497	pearl	berem	Ao-Chungli	berem	b e r e m
498	ninety	tukur	Ao-Chungli	tukur	t u k u r
499	onion	piyazü	Ao-Chungli	pijazə	p i j a z ə
500	cock	aen-tebong	Ao-Chungli	aen+teboŋ	a e n + t e b o ŋ
501	owl	pokpo	Ao-Chungli	pokpo	p o k p o
502	six	trok	Ao-Chungli	trok	t r o k
503	rice(paddy)	tsük	Ao-Chungli	tsək	t s ə k
504	loom	takradong	Ao-Chungli	takradoŋ	t a k r a d o ŋ
505	rope	lisü	Ao-Chungli	lisə	l i s ə
506	to pass by	sei	Ao-Chungli	sei	s e i
507	sad	temulung-azü	Ao-Chungli	temuluŋ+azə	t e m u l u ŋ + a z ə
508	tail	teben	Ao-Chungli	teben	t e b e n
509	tail	temi	Ao-Chungli	temi	t e m i
510	old man	tambur	Ao-Chungli	tambur	t a m b u r
511	tribe	nübu	Ao-Chungli	nəbu	n ə b u
512	to wash(generic)	shidok	Ao-Chungli	ʃidok	ʃ i d o k
513	salt	metzü	Ao-Chungli	meɟ͡ʝə	m e ɟ͡ʝ ə
514	to cry(to weep)	ajep	Ao-Chungli	aɟ͡ʝep	a ɟ͡ʝ e p
515	poor	sensaker	Ao-Chungli	sensaker	s e n s a k e r
516	witness	kuli	Ao-Chungli	kuli	k u l i
517	shadow	tanela	Ao-Chungli	tanela	t a n e l a
518	shadow	aküm	Ao-Chungli	akəm	a k ə m
519	rhinoceros	kentok	Ao-Chungli	kentok	k e n t o k
520	grandfather	obu	Ao-Chungli	obu	o b u
521	sulphur(brimstones)	mitsüktsü-lung	Ao-Chungli	mitsəktsə+luŋ	m i t s ə k t s ə + l u ŋ
522	noon	anjong-meshi	Ao-Chungli	anɟ͡ʝoŋ+meʃi	a n ɟ͡ʝ o ŋ + m e ʃ i
523	hat,helmet	korang	Ao-Chungli	koraŋ	k o r a ŋ
524	twenty	metsü	Ao-Chungli	metsə	m e t s ə
525	arm	teben	Ao-Chungli	teben	t e b e n
526	to	-dang	Ao-Chungli	+daŋ	+ d a ŋ
527	to	-na	Ao-Chungli	+na	+ n a
528	to	-nung	Ao-Chungli	+nuŋ	+ n u ŋ
529	to put	ayu	Ao-Chungli	aju	a j u
530	short	tatzü	Ao-Chungli	taɟ͡ʝə	t a ɟ͡ʝ ə
531	sickle	linok	Ao-Chungli	linok	l i n o k
532	together	den	Ao-Chungli	den	d e n
533	together	ten	Ao-Chungli	ten	t e n
534	together	kelem	Ao-Chungli	kelem	k e l e m
535	broom	kioktsü	Ao-Chungli	kioktsə	k i o k t s ə
536	shallow	tembu	Ao-Chungli	tembu	t e m b u
537	mad	yiarer	Ao-Chungli	jiarer	j i a r e r
538	how	koda	Ao-Chungli	koda	k o d a
539	flower	naro	Ao-Chungli	naro	n a r o
540	flower	teben	Ao-Chungli	teben	t e b e n
541	to flow	aeim	Ao-Chungli	aeim	a e i m
542	far	telangka	Ao-Chungli	telaŋka	t e l a ŋ k a
543	pillow	pakti	Ao-Chungli	pakti	p a k t i
544	to raise	meso	Ao-Chungli	meso	m e s o
545	to knock	maten	Ao-Chungli	maten	m a t e n
546	to knock	tsungten	Ao-Chungli	tsuŋten	t s u ŋ t e n
547	grasshopper	zangkok	Ao-Chungli	zaŋkok	z a ŋ k o k
548	thigh	tesamik	Ao-Chungli	tesamik	t e s a m i k
549	thigh	tepi	Ao-Chungli	tepi	t e p i
550	sixty	roker	Ao-Chungli	roker	r o k e r
551	comb	ku-mesü	Ao-Chungli	ku+mesə	k u + m e s ə
552	leech	bangji	Ao-Chungli	baŋɟ͡ʝi	b a ŋ ɟ͡ʝ i
553	tonight	tauonung	Ao-Chungli	tauonuŋ	t a u o n u ŋ
554	late	menu	Ao-Chungli	menu	m e n u
555	sacrifice	tenlaba	Ao-Chungli	tenlaba	t e n l a b a
556	above	tama	Ao-Chungli	tama	t a m a
557	above	teka	Ao-Chungli	teka	t e k a
558	navel	tepela	Ao-Chungli	tepela	t e p e l a
559	to squirrel	sosang	Ao-Chungli	sosaŋ	s o s a ŋ
560	pen	kolem	Ao-Chungli	kolem	k o l e m
561	bullet	injang-tulu	Ao-Chungli	inɟ͡ʝaŋ+tulu	i n ɟ͡ʝ a ŋ + t u l u
562	star	petinü	Ao-Chungli	petinə	p e t i n ə
563	wet	taei	Ao-Chungli	taei	t a e i
564	difficult	tasak	Ao-Chungli	tasak	t a s a k
565	town	yimti	Ao-Chungli	jimti	j i m t i
566	to wash(clothes)	sü-ashi	Ao-Chungli	sə+aʃi	s ə + a ʃ i
567	to tremble	aten	Ao-Chungli	aten	a t e n
568	tax	temelen	Ao-Chungli	temelen	t e m e l e n
569	news	osang	Ao-Chungli	osaŋ	o s a ŋ
570	thick	temelem	Ao-Chungli	temelem	t e m e l e m
571	young man	asangur	Ao-Chungli	asaŋur	a s a ŋ u r
572	five	pungu	Ao-Chungli	puŋu	p u ŋ u
573	kitchen	sorojioktat	Ao-Chungli	soroɟ͡ʝioktat	s o r o ɟ͡ʝ i o k t a t
574	to bite	angu	Ao-Chungli	aŋu	a ŋ u
575	to bite	metep	Ao-Chungli	metep	m e t e p
576	child	chir	Ao-Chungli	c͡çʰir	c͡çʰ i r
577	child	tanur	Ao-Chungli	tanur	t a n u r
578	fifty	tenem	Ao-Chungli	tenem	t e n e m
579	lizard	sangken	Ao-Chungli	saŋken	s a ŋ k e n
580	lizard	kitsungsü	Ao-Chungli	kitsuŋsə	k i t s u ŋ s ə
581	to swallow	meyak	Ao-Chungli	mejak	m e j a k
582	fern	asangjak	Ao-Chungli	asaŋɟ͡ʝak	a s a ŋ ɟ͡ʝ a k
583	lame	tetsung-tatsük	Ao-Chungli	tetsuŋ+tatsək	t e t s u ŋ + t a t s ə k
584	sour	tasen	Ao-Chungli	tasen	t a s e n
585	blunt	sütem	Ao-Chungli	sətem	s ə t e m
586	beautiful	merakata	Ao-Chungli	merakata	m e r a k a t a
587	hill	tenem	Ao-Chungli	tenem	t e n e m
588	wrong	taei	Ao-Chungli	taei	t a e i
589	who?	shiba	Ao-Chungli	ʃiba	ʃ i b a
590	who?	shir	Ao-Chungli	ʃir	ʃ i r
591	river	tzü	Ao-Chungli	ɟ͡ʝə	ɟ͡ʝ ə
592	new	tasen	Ao-Chungli	tasen	t a s e n
593	hip	tesami	Ao-Chungli	tesami	t e s a m i
594	yeast	piyazü	Ao-Chungli	pijazə	p i j a z ə
595	to curse	atakatüm	Ao-Chungli	atakatəm	a t a k a t ə m
596	deep	azü	Ao-Chungli	azə	a z ə
597	deep	tarok	Ao-Chungli	tarok	t a r o k
598	sword	noklangnok	Ao-Chungli	noklaŋnok	n o k l a ŋ n o k
599	liver	temesen	Ao-Chungli	temesen	t e m e s e n
600	the wind	mopung	Ao-Chungli	mopuŋ	m o p u ŋ
601	early	yakte	Ao-Chungli	jakte	j a k t e
602	to enter	aei	Ao-Chungli	aei	a e i
603	middle	tiong	Ao-Chungli	tioŋ	t i o ŋ
604	middle	tetsungda	Ao-Chungli	tetsuŋda	t e t s u ŋ d a
605	up	ket	Ao-Chungli	ket	k e t
606	not	ma	Ao-Chungli	ma	m a
607	not	masü	Ao-Chungli	masə	m a s ə
608	dew	ajungtzü	Ao-Chungli	aɟ͡ʝuŋɟ͡ʝə	a ɟ͡ʝ u ŋ ɟ͡ʝ ə
609	money	sen	Ao-Chungli	sen	s e n
610	money	tatsük	Ao-Chungli	tatsək	t a t s ə k
611	price	jenjang	Ao-Chungli	ɟ͡ʝenɟ͡ʝaŋ	ɟ͡ʝ e n ɟ͡ʝ a ŋ
612	an orange	jemben	Ao-Chungli	ɟ͡ʝemben	ɟ͡ʝ e m b e n
613	forty	lir	Ao-Chungli	lir	l i r
614	to split	aso	Ao-Chungli	aso	a s o
615	to split	pakma	Ao-Chungli	pakma	p a k m a
616	bank(edge)		Ao-Chungli		
617	two	ana	Ao-Chungli	ana	a n a
618	thou	na	Ao-Chungli	na	n a
619	skin	siküp	Ao-Chungli	sikəp	s i k ə p
620	arrow	lijakjang	Ao-Chungli	liɟ͡ʝakɟ͡ʝaŋ	l i ɟ͡ʝ a k ɟ͡ʝ a ŋ
621	to hit	aka	Ao-Chungli	aka	a k a
622	to hit	atsük	Ao-Chungli	atsək	a t s ə k
623	armlet	pembang	Ao-Chungli	pembaŋ	p e m b a ŋ
624	ankle	tenüklang	Ao-Chungli	tenəklaŋ	t e n ə k l a ŋ
625	village	im	Ao-Chungli	im	i m
626	tomorrow	asong	Ao-Chungli	asoŋ	a s o ŋ
627	spirit	tanela	Ao-Chungli	tanela	t a n e l a
628	this(adj.)	ibaji	Ao-Chungli	ibaɟ͡ʝi	i b a ɟ͡ʝ i
629	room	taktang	Ao-Chungli	taktaŋ	t a k t a ŋ
630	dear(expensive)	shisak	Ao-Chungli	ʃisak	ʃ i s a k
631	to breathe	sashi	Ao-Chungli	saʃi	s a ʃ i
632	lightning	tsungpret	Ao-Chungli	tsuŋpret	t s u ŋ p r e t
633	to vomit	saktsü	Ao-Chungli	saktsə	s a k t s ə
634	to vomit	meitet	Ao-Chungli	meitet	m e i t e t
635	ladder	apu	Ao-Chungli	apu	a p u
636	tower	lungki	Ao-Chungli	luŋki	l u ŋ k i
637	bladder	poktzütem	Ao-Chungli	pokɟ͡ʝətem	p o k ɟ͡ʝ ə t e m
638	dao	nok	Ao-Chungli	nok	n o k
639	to touch	kongshi	Ao-Chungli	koŋʃi	k o ŋ ʃ i
640	to touch	sodak	Ao-Chungli	sodak	s o d a k
641	hair(of head)	ku	Ao-Chungli	ku	k u
642	wood(timber)	süng	Ao-Chungli	səŋ	s ə ŋ
643	leopard	chungnü	Ao-Chungli	c͡çʰuŋnə	c͡çʰ u ŋ n ə
644	leopard	keyi	Ao-Chungli	keji	k e j i
645	to cover	küpbang	Ao-Chungli	kəpbaŋ	k ə p b a ŋ
646	one	ka	Ao-Chungli	ka	k a
647	to hop	jokjür	Ao-Chungli	ɟ͡ʝokɟ͡ʝər	ɟ͡ʝ o k ɟ͡ʝ ə r
648	to carry(on back)	kuaben	Ao-Chungli	kuaben	k u a b e n
649	low	nemzük	Ao-Chungli	nemzək	n e m z ə k
650	to cut(generic)	aten	Ao-Chungli	aten	a t e n
651	to remain	ali	Ao-Chungli	ali	a l i
652	to remain	amung	Ao-Chungli	amuŋ	a m u ŋ
653	to swim	awa	Ao-Chungli	awa	a w a
654	ten	ter	Ao-Chungli	ter	t e r
655	hundred	noklang	Ao-Chungli	noklaŋ	n o k l a ŋ
656	cruel	tesashi	Ao-Chungli	tesaʃi	t e s a ʃ i
657	forehead	tenütsü	Ao-Chungli	tenətsə	t e n ə t s ə
658	waist	teperem	Ao-Chungli	teperem	t e p e r e m
659	to dance	yare	Ao-Chungli	jare	j a r e
660	to dance	meloshi	Ao-Chungli	meloʃi	m e l o ʃ i
661	to give	agütsü	Ao-Chungli	agətsə	a g ə t s ə
662	to sow	prok	Ao-Chungli	prok	p r o k
663	to sow	aten	Ao-Chungli	aten	a t e n
664	to grow	mei	Ao-Chungli	mei	m e i
665	to grow	in	Ao-Chungli	in	i n
666	to hide	nembang	Ao-Chungli	nembaŋ	n e m b a ŋ
667	to hide	meimshi	Ao-Chungli	meimʃi	m e i m ʃ i
668	to kiss	tebang-mesap	Ao-Chungli	tebaŋ+mesap	t e b a ŋ + m e s a p
669	to pay	aso	Ao-Chungli	aso	a s o
670	to sing	ken-aten	Ao-Chungli	ken+aten	k e n + a t e n
671	field	alu	Ao-Chungli	alu	a l u
672	dung	sü	Ao-Chungli	sə	s ə
673	nine	tuku	Ao-Chungli	tuku	t u k u
674	wolf	tsünü	Ao-Chungli	tsənə	t s ə n ə
675	elbow	teketsüla	Ao-Chungli	teketsəla	t e k e t s ə l a
676	charcoal	mijang	Ao-Chungli	miɟ͡ʝaŋ	m i ɟ͡ʝ a ŋ
677	pain	kangshi	Ao-Chungli	kaŋʃi	k a ŋ ʃ i
678	pain	timtem	Ao-Chungli	timtem	t i m t e m
679	heel	shiüalang	Ao-Chungli	ʃiəalaŋ	ʃ i ə a l a ŋ
680	horse	kor	Ao-Chungli	kor	k o r
681	calf(of leg)	temola	Ao-Chungli	temola	t e m o l a
682	law	ojang	Ao-Chungli	oɟ͡ʝaŋ	o ɟ͡ʝ a ŋ
683	law	obang	Ao-Chungli	obaŋ	o b a ŋ
684	Right-hand	to:jichilen	Ao-Chungli	toːɟ͡ʝic͡çʰilen	t oː ɟ͡ʝ i c͡çʰ i l e n
685	sheep	san	Ao-Chungli	san	s a n
686	God	tsungrem	Ao-Chungli	tsuŋrem	t s u ŋ r e m
687	to come	aru	Ao-Chungli	aru	a r u
688	to prepare	renem	Ao-Chungli	renem	r e n e m
689	chicken	aen-techanu	Ao-Chungli	aen+tec͡çʰanu	a e n + t e c͡çʰ a n u
690	until	tashi	Ao-Chungli	taʃi	t a ʃ i
691	until	donga	Ao-Chungli	doŋa	d o ŋ a
692	betel(leaf)		Ao-Chungli		
693	salary	ta	Ao-Chungli	ta	t a
694	centipede	asangper	Ao-Chungli	asaŋper	a s a ŋ p e r
695	beam	kiküp	Ao-Chungli	kikəp	k i k ə p
696	to burn	arong	Ao-Chungli	aroŋ	a r o ŋ
697	to burn	alet	Ao-Chungli	alet	a l e t
698	to whisper	jemjemshishi	Ao-Chungli	ɟ͡ʝemɟ͡ʝemʃiʃi	ɟ͡ʝ e m ɟ͡ʝ e m ʃ i ʃ i
699	feather	enyo	Ao-Chungli	enjo	e n j o
700	feather	te	Ao-Chungli	te	t e
701	slow	tetsunglung	Ao-Chungli	tetsuŋluŋ	t e t s u ŋ l u ŋ
702	monkey(huluk)		Ao-Chungli		
703	bad	tamajung	Ao-Chungli	tamaɟ͡ʝuŋ	t a m a ɟ͡ʝ u ŋ
704	fat(adj.)	teira	Ao-Chungli	teira	t e i r a
705	woman	tetzür	Ao-Chungli	teɟ͡ʝər	t e ɟ͡ʝ ə r
706	woman	lar	Ao-Chungli	lar	l a r
707	light(bright)	tesangwa	Ao-Chungli	tesaŋwa	t e s a ŋ w a
708	to catch	apu	Ao-Chungli	apu	a p u
709	to catch	ishi	Ao-Chungli	iʃi	i ʃ i
710	cotton	kümba	Ao-Chungli	kəmba	k ə m b a
711	to scratch	anak	Ao-Chungli	anak	a n a k
712	hand	teka	Ao-Chungli	teka	t e k a
713	thirsty	tzürar	Ao-Chungli	ɟ͡ʝərar	ɟ͡ʝ ə r a r
714	seventeen	teritenet	Ao-Chungli	teritenet	t e r i t e n e t
715	self	peisa	Ao-Chungli	peisa	p e i s a
716	self	sa	Ao-Chungli	sa	s a
717	to see	angu	Ao-Chungli	aŋu	a ŋ u
718	to see	reprang	Ao-Chungli	repraŋ	r e p r a ŋ
719	to die	asü	Ao-Chungli	asə	a s ə
720	eagle	reptiksü	Ao-Chungli	reptiksə	r e p t i k s ə
721	bitter	taku	Ao-Chungli	taku	t a k u
722	only	sa	Ao-Chungli	sa	s a
723	only	dang	Ao-Chungli	daŋ	d a ŋ
724	deer(barking)	shitsü	Ao-Chungli	ʃitsə	ʃ i t s ə
725	false(not correct)	tiazü	Ao-Chungli	tiazə	t i a z ə
726	broad	meya-meyar	Ao-Chungli	meja+mejar	m e j a + m e j a r
727	to speak	ashi	Ao-Chungli	aʃi	a ʃ i
728	trumpet	jangzü	Ao-Chungli	ɟ͡ʝaŋzə	ɟ͡ʝ a ŋ z ə
729	to open	lapok	Ao-Chungli	lapok	l a p o k
730	language	o	Ao-Chungli	o	o
731	panji(bamboo stake)		Ao-Chungli		
732	iron	merang	Ao-Chungli	meraŋ	m e r a ŋ
733	iron	in	Ao-Chungli	in	i n
734	to shoot	yok	Ao-Chungli	jok	j o k
735	wrist	tekanük	Ao-Chungli	tekanək	t e k a n ə k
736	leather	shikap	Ao-Chungli	ʃikap	ʃ i k a p
737	long	telangka	Ao-Chungli	telaŋka	t e l a ŋ k a
738	a chief	tatar	Ao-Chungli	tatar	t a t a r
739	to seize	apu	Ao-Chungli	apu	a p u
740	to seize	amet	Ao-Chungli	amet	a m e t
741	coat	sepoksü	Ao-Chungli	sepoksə	s e p o k s ə
742	to take	agi	Ao-Chungli	agi	a g i
743	to take	ang	Ao-Chungli	aŋ	a ŋ
744	mother	tetzü	Ao-Chungli	teɟ͡ʝə	t e ɟ͡ʝ ə
745	spider	sorak	Ao-Chungli	sorak	s o r a k
746	twelve	terana	Ao-Chungli	terana	t e r a n a
747	earthquake	menoknok	Ao-Chungli	menoknok	m e n o k n o k
748	a place	talidak	Ao-Chungli	talidak	t a l i d a k
749	weak	tashi-maet	Ao-Chungli	taʃi+maet	t a ʃ i + m a e t
750	to wash(pots)	shidok	Ao-Chungli	ʃidok	ʃ i d o k
751	cloud	mepet	Ao-Chungli	mepet	m e p e t
752	to extinguish	asep	Ao-Chungli	asep	a s e p
753	under	toko	Ao-Chungli	toko	t o k o
754	under	telung	Ao-Chungli	teluŋ	t e l u ŋ
755	a fly	manga	Ao-Chungli	maŋa	m a ŋ a
756	a fly	abung	Ao-Chungli	abuŋ	a b u ŋ
757	fool	yiarer	Ao-Chungli	jiarer	j i a r e r
758	mistake	taei	Ao-Chungli	taei	t a e i
759	mistake	timir	Ao-Chungli	timir	t i m i r
760	true(correct)	atangji	Ao-Chungli	ataŋɟ͡ʝi	a t a ŋ ɟ͡ʝ i
761	widower	sangremer	Ao-Chungli	saŋremer	s a ŋ r e m e r
762	lord	kibuba	Ao-Chungli	kibuba	k i b u b a
763	flute	jemji	Ao-Chungli	ɟ͡ʝemɟ͡ʝi	ɟ͡ʝ e m ɟ͡ʝ i
764	teacher	sayuba	Ao-Chungli	sajuba	s a j u b a
765	goat	nabong	Ao-Chungli	naboŋ	n a b o ŋ
766	much	aeiga	Ao-Chungli	aeiga	a e i g a
767	much	tim	Ao-Chungli	tim	t i m
768	to bind	alen	Ao-Chungli	alen	a l e n
769	to bind	arak	Ao-Chungli	arak	a r a k
770	cucumber	rungi	Ao-Chungli	ruŋi	r u ŋ i
771	dust	aoyi	Ao-Chungli	aoji	a o j i
772	caterpillar	lungben	Ao-Chungli	luŋben	l u ŋ b e n
773	raw(unripe)	tazü	Ao-Chungli	tazə	t a z ə
774	blind	tenük-tapok	Ao-Chungli	tenək+tapok	t e n ə k + t a p o k
775	blood	azü	Ao-Chungli	azə	a z ə
776	blood	zü	Ao-Chungli	zə	z ə
777	tea	küiüptzü	Ao-Chungli	kəiəpɟ͡ʝə	k ə i ə p ɟ͡ʝ ə
778	to find	angu	Ao-Chungli	aŋu	a ŋ u
779	to find	putet	Ao-Chungli	putet	p u t e t
780	to follow	anitek	Ao-Chungli	anitek	a n i t e k
781	duck	padak	Ao-Chungli	padak	p a d a k
782	to carry(generic)	aben	Ao-Chungli	aben	a b e n
783	gun	brambong	Ao-Chungli	bramboŋ	b r a m b o ŋ
784	year	küm	Ao-Chungli	kəm	k ə m
785	to look for	zangra	Ao-Chungli	zaŋra	z a ŋ r a
786	deer(generic)		Ao-Chungli		
787	to know	metet	Ao-Chungli	metet	m e t e t
788	to know	shitet	Ao-Chungli	ʃitet	ʃ i t e t
789	earring	rongnaro	Ao-Chungli	roŋnaro	r o ŋ n a r o
790	otter	shirem	Ao-Chungli	ʃirem	ʃ i r e m
791	hornet	nati	Ao-Chungli	nati	n a t i
792	deer(sambhur)	mesü	Ao-Chungli	mesə	m e s ə
793	to divide	alem	Ao-Chungli	alem	a l e m
794	Job's tears(coix)		Ao-Chungli		
795	to build	asü	Ao-Chungli	asə	a s ə
796	earth	ali	Ao-Chungli	ali	a l i
797	earth	lima	Ao-Chungli	lima	l i m a
798	but	aji	Ao-Chungli	aɟ͡ʝi	a ɟ͡ʝ i
799	but	saka	Ao-Chungli	saka	s a k a
800	yam	shi	Ao-Chungli	ʃi	ʃ i
801	baby	kinü	Ao-Chungli	kinə	k i n ə
802	never	kodang-ma	Ao-Chungli	kodaŋ+ma	k o d a ŋ + m a
803	flesh	shi	Ao-Chungli	ʃi	ʃ i
804	pipe(tobacco)	mokobo	Ao-Chungli	mokobo	m o k o b o
805	neck	tekong	Ao-Chungli	tekoŋ	t e k o ŋ
806	mist	tzüsu	Ao-Chungli	ɟ͡ʝəsu	ɟ͡ʝ ə s u
807	floor	atüm	Ao-Chungli	atəm	a t ə m
808	fence	atsü	Ao-Chungli	atsə	a t s ə
809	very	kanga	Ao-Chungli	kaŋa	k a ŋ a
810	here	yange	Ao-Chungli	jaŋe	j a ŋ e
811	here	idage	Ao-Chungli	idage	i d a g e
812	to break	atsük	Ao-Chungli	atsək	a t s ə k
813	to break	raksa	Ao-Chungli	raksa	r a k s a
814	yesterday	yashi	Ao-Chungli	jaʃi	j a ʃ i
815	you	nenok	Ao-Chungli	nenok	n e n o k
816	top(highest point)	kolak	Ao-Chungli	kolak	k o l a k
817	seven	tenet	Ao-Chungli	tenet	t e n e t
818	hole	tapok	Ao-Chungli	tapok	t a p o k
819	hole	tegi	Ao-Chungli	tegi	t e g i
820	skull	tokolakret	Ao-Chungli	tokolakret	t o k o l a k r e t
821	skull	mangko	Ao-Chungli	maŋko	m a ŋ k o
822	valley	lenten	Ao-Chungli	lenten	l e n t e n
823	orphan	lajar	Ao-Chungli	laɟ͡ʝar	l a ɟ͡ʝ a r
824	meet	azurutep	Ao-Chungli	azurutep	a z u r u t e p
825	hearth	atep	Ao-Chungli	atep	a t e p
826	vegetable	aon	Ao-Chungli	aon	a o n
827	ripe	tamen	Ao-Chungli	tamen	t a m e n
828	fire	mi	Ao-Chungli	mi	m i
829	to listen	anga-ah	Ao-Chungli	aŋa+ah	a ŋ a + a h
830	worm	mesen	Ao-Chungli	mesen	m e s e n
831	worm	lungben	Ao-Chungli	luŋben	l u ŋ b e n
832	to stink	tashinem	Ao-Chungli	taʃinem	t a ʃ i n e m
833	tree	süngdong	Ao-Chungli	səŋdoŋ	s ə ŋ d o ŋ
834	to use	benshi	Ao-Chungli	benʃi	b e n ʃ i
835	bag	juli	Ao-Chungli	ɟ͡ʝuli	ɟ͡ʝ u l i
836	chaff	pha	Ao-Chungli	pʰa	pʰ a
837	chaff	shübe	Ao-Chungli	ʃəbe	ʃ ə b e
838	to stand	noktak	Ao-Chungli	noktak	n o k t a k
839	knee	temokok	Ao-Chungli	temokok	t e m o k o k
840	dove	posü	Ao-Chungli	posə	p o s ə
841	dove	giduru	Ao-Chungli	giduru	g i d u r u
842	wall	jara	Ao-Chungli	ɟ͡ʝara	ɟ͡ʝ a r a
843	tight	togim	Ao-Chungli	togim	t o g i m
844	before	tamasa	Ao-Chungli	tamasa	t a m a s a
845	yoke	süngra	Ao-Chungli	səŋra	s ə ŋ r a
846	no	nunga	Ao-Chungli	nuŋa	n u ŋ a
847	we(inclusive)	asenok	Ao-Chungli	asenok	a s e n o k
848	time	anogo	Ao-Chungli	anogo	a n o g o
849	time	meshi	Ao-Chungli	meʃi	m e ʃ i
850	to press	anen	Ao-Chungli	anen	a n e n
851	to press	ajet	Ao-Chungli	aɟ͡ʝet	a ɟ͡ʝ e t
852	to lick	menak	Ao-Chungli	menak	m e n a k
853	to lick	mezük	Ao-Chungli	mezək	m e z ə k
854	thousand	meirijang	Ao-Chungli	meiriɟ͡ʝaŋ	m e i r i ɟ͡ʝ a ŋ
855	bed	yipten	Ao-Chungli	jipten	j i p t e n
856	half	odang	Ao-Chungli	odaŋ	o d a ŋ
857	to taste	menakdang	Ao-Chungli	menakdaŋ	m e n a k d a ŋ
858	to buy	ali	Ao-Chungli	ali	a l i
859	to squeeze	ajet	Ao-Chungli	aɟ͡ʝet	a ɟ͡ʝ e t
860	to rub	meyu	Ao-Chungli	meju	m e j u
861	you two		Ao-Chungli		
862	sister(elder)	teyi	Ao-Chungli	teji	t e j i
863	enough	teperi	Ao-Chungli	teperi	t e p e r i
864	fruit	tejang	Ao-Chungli	teɟ͡ʝaŋ	t e ɟ͡ʝ a ŋ
865	dry	takong	Ao-Chungli	takoŋ	t a k o ŋ
866	calf(of cow)	nashi-chanu	Ao-Chungli	naʃi+c͡çʰanu	n a ʃ i + c͡çʰ a n u
867	foot	tetsung	Ao-Chungli	tetsuŋ	t e t s u ŋ
868	foot	temopo	Ao-Chungli	temopo	t e m o p o
869	we(exclusive)	onok	Ao-Chungli	onok	o n o k
870	seed	metsü	Ao-Chungli	metsə	m e t s ə
871	bellows	misembong	Ao-Chungli	misemboŋ	m i s e m b o ŋ
872	sister(younger)	tenutzü	Ao-Chungli	tenuɟ͡ʝə	t e n u ɟ͡ʝ ə
873	to want	wara	Ao-Chungli	wara	w a r a
874	to want	tesensak	Ao-Chungli	tesensak	t e s e n s a k
875	root	tera	Ao-Chungli	tera	t e r a
876	today	tanü	Ao-Chungli	tanə	t a n ə
877	today	tanüp	Ao-Chungli	tanəp	t a n ə p
878	a trap	lungnem	Ao-Chungli	luŋnem	l u ŋ n e m
879	a trap	asang	Ao-Chungli	asaŋ	a s a ŋ
880	to sell	ayok	Ao-Chungli	ajok	a j o k
881	storm	yipru	Ao-Chungli	jipru	j i p r u
882	man(male)	tebur	Ao-Chungli	tebur	t e b u r
883	eleven	terika	Ao-Chungli	terika	t e r i k a
884	widow	amitzür	Ao-Chungli	amiɟ͡ʝər	a m i ɟ͡ʝ ə r
885	to seek	bushi	Ao-Chungli	buʃi	b u ʃ i
886	to fall	tsük	Ao-Chungli	tsək	t s ə k
887	voice	ola	Ao-Chungli	ola	o l a
888	yes	au	Ao-Chungli	au	a u
889	young	tanur	Ao-Chungli	tanur	t a n u r
890	young	lanur	Ao-Chungli	lanur	l a n u r
891	to forgive	atok	Ao-Chungli	atok	a t o k
892	to love	meim	Ao-Chungli	meim	m e i m
893	bush	songjanglijang	Ao-Chungli	soŋɟ͡ʝaŋliɟ͡ʝaŋ	s o ŋ ɟ͡ʝ a ŋ l i ɟ͡ʝ a ŋ
894	to ask(a question)	asongdang	Ao-Chungli	asoŋdaŋ	a s o ŋ d a ŋ
895	louse	atsük	Ao-Chungli	atsək	a t s ə k
896	louse	teruru	Ao-Chungli	teruru	t e r u r u
897	spoon	chikok	Ao-Chungli	c͡çʰikok	c͡çʰ i k o k
898	summer	meyi	Ao-Chungli	meji	m e j i
899	brave	tasü-aet	Ao-Chungli	tasə+aet	t a s ə + a e t
900	tiger	keyi	Ao-Chungli	keji	k e j i
901	to blow	aen	Ao-Chungli	aen	a e n
902	toe	temeyong	Ao-Chungli	temejoŋ	t e m e j o ŋ
903	to lift	ajongket	Ao-Chungli	aɟ͡ʝoŋket	a ɟ͡ʝ o ŋ k e t
904	to lift	meso	Ao-Chungli	meso	m e s o
905	to hear	angashi	Ao-Chungli	aŋaʃi	a ŋ a ʃ i
906	hawk	orija	Ao-Chungli	oriɟ͡ʝa	o r i ɟ͡ʝ a
907	hawk	lungzüba	Ao-Chungli	luŋzəba	l u ŋ z ə b a
908	west	anüolen	Ao-Chungli	anəolen	a n ə o l e n
909	warp(loom)	apama	Ao-Chungli	apama	a p a m a
910	to reap	aru	Ao-Chungli	aru	a r u
911	faith	tamang	Ao-Chungli	tamaŋ	t a m a ŋ
912	to hope	teimla	Ao-Chungli	teimla	t e i m l a
913	to laugh	menü	Ao-Chungli	menə	m e n ə
914	bridge	apu	Ao-Chungli	apu	a p u
915	to cut(with knife)	alep	Ao-Chungli	alep	a l e p
916	that(adj.)	aji	Ao-Chungli	aɟ͡ʝi	a ɟ͡ʝ i
917	curry	an	Ao-Chungli	an	a n
918	judgment	o-bendang	Ao-Chungli	o+bendaŋ	o + b e n d a ŋ
919	heddle		Ao-Chungli		
920	mountain	tenem	Ao-Chungli	tenem	t e n e m
921	brother(elder)	adi	Ao-Chungli	adi	a d i
922	monkey(macaque)		Ao-Chungli		
923	a well	tzübu	Ao-Chungli	ɟ͡ʝəbu	ɟ͡ʝ ə b u
924	sweat	asentzü	Ao-Chungli	asenɟ͡ʝə	a s e n ɟ͡ʝ ə
925	ginger	songmuk	Ao-Chungli	soŋmuk	s o ŋ m u k
926	table	langbang	Ao-Chungli	laŋbaŋ	l a ŋ b a ŋ
927	down	imanglen	Ao-Chungli	imaŋlen	i m a ŋ l e n
928	sorry	jashi	Ao-Chungli	ɟ͡ʝaʃi	ɟ͡ʝ a ʃ i
929	to shout	ola-agütsü	Ao-Chungli	ola+agətsə	o l a + a g ə t s ə
930	spindle*cotton)	pangtong	Ao-Chungli	paŋtoŋ	p a ŋ t o ŋ
931	cheek	tenibong	Ao-Chungli	teniboŋ	t e n i b o ŋ
932	to go out	tugu	Ao-Chungli	tugu	t u g u
933	to go out	adok	Ao-Chungli	adok	a d o k
934	breast	mama	Ao-Chungli	mama	m a m a
935	some	ishika	Ao-Chungli	iʃika	i ʃ i k a
936	clothes	süoshi	Ao-Chungli	səoʃi	s ə o ʃ i
937	animal	shiruru	Ao-Chungli	ʃiruru	ʃ i r u r u
938	strong	tashi-tulu	Ao-Chungli	taʃi+tulu	t a ʃ i + t u l u
939	first	müjüng	Ao-Chungli	məɟ͡ʝəŋ	m ə ɟ͡ʝ ə ŋ
940	first	tamasa	Ao-Chungli	tamasa	t a m a s a
941	bat(animal)	la	Ao-Chungli	la	l a
942	chair	theba	Ao-Chungli	theba	t h e b a
943	ant(generic)		Ao-Chungli		
944	to sit	amen	Ao-Chungli	amen	a m e n
945	to grind	aei	Ao-Chungli	aei	a e i
946	claw	temejüng	Ao-Chungli	temeɟ͡ʝəŋ	t e m e ɟ͡ʝ ə ŋ
947	mango	teti	Ao-Chungli	teti	t e t i
948	wing	tashikang	Ao-Chungli	taʃikaŋ	t a ʃ i k a ŋ
949	girl	tanur-tetzür	Ao-Chungli	tanur+teɟ͡ʝər	t a n u r + t e ɟ͡ʝ ə r
950	sick	shiranger	Ao-Chungli	ʃiraŋer	ʃ i r a ŋ e r
951	shoulder	tapubang	Ao-Chungli	tapubaŋ	t a p u b a ŋ
952	small	tila	Ao-Chungli	tila	t i l a
953	married	kei	Ao-Chungli	kei	k e i
954	married	aoba	Ao-Chungli	aoba	a o b a
955	book	kaküt	Ao-Chungli	kakət	k a k ə t
956	book	laishiba	Ao-Chungli	laiʃiba	l a i ʃ i b a
957	priest	putir	Ao-Chungli	putir	p u t i r
958	ford	tzü atendak	Ao-Chungli	ɟ͡ʝə#atendak	ɟ͡ʝ ə # a t e n d a k
959	to descend	alu	Ao-Chungli	alu	a l u
960	ink	shiai	Ao-Chungli	ʃiai	ʃ i a i
961	second(adj)	tanabuba	Ao-Chungli	tanabuba	t a n a b u b a
962	moth	tarütsü	Ao-Chungli	tarətsə	t a r ə t s ə
963	thunder	tsungmuk	Ao-Chungli	tsuŋmuk	t s u ŋ m u k
964	millet	chenchang	Ao-Chungli	c͡çʰenc͡çʰaŋ	c͡çʰ e n c͡çʰ a ŋ
965	gum(of tree)	ajaba	Ao-Chungli	aɟ͡ʝaba	a ɟ͡ʝ a b a
966	boat	rong	Ao-Chungli	roŋ	r o ŋ
967	loincloth	teperemsü	Ao-Chungli	teperemsə	t e p e r e m s ə
968	to obey	anga	Ao-Chungli	aŋa	a ŋ a
969	to light(ignite)	mi-apu	Ao-Chungli	mi+apu	m i + a p u
970	thumb	jemtsüba	Ao-Chungli	ɟ͡ʝemtsəba	ɟ͡ʝ e m t s ə b a
971	ear	tenarong	Ao-Chungli	tenaroŋ	t e n a r o ŋ
972	kind(sort)	tepu	Ao-Chungli	tepu	t e p u
973	to walk	jaja	Ao-Chungli	ɟ͡ʝaɟ͡ʝa	ɟ͡ʝ a ɟ͡ʝ a
974	jackal	shirong	Ao-Chungli	ʃiroŋ	ʃ i r o ŋ
975	foreigner	bendanger	Ao-Chungli	bendaŋer	b e n d a ŋ e r
976	person	nisung	Ao-Chungli	nisuŋ	n i s u ŋ
977	fish	ango	Ao-Chungli	aŋo	a ŋ o
978	the plains	lenten	Ao-Chungli	lenten	l e n t e n
979	to be	ali	Ao-Chungli	ali	a l i
980	to be	asü	Ao-Chungli	asə	a s ə
981	to boil	aja	Ao-Chungli	aɟ͡ʝa	a ɟ͡ʝ a
982	bean	jüngkenjang	Ao-Chungli	ɟ͡ʝəŋkenɟ͡ʝaŋ	ɟ͡ʝ ə ŋ k e n ɟ͡ʝ a ŋ
983	needle	ajem	Ao-Chungli	aɟ͡ʝem	a ɟ͡ʝ e m
984	to carry(in hand)		Ao-Chungli		
985	evening	likongtsütsü	Ao-Chungli	likoŋtsətsə	l i k o ŋ t s ə t s ə
986	to thatch	azü	Ao-Chungli	azə	a z ə
987	to fear	tsübu	Ao-Chungli	tsəbu	t s ə b u
988	also	-a	Ao-Chungli	+a	+ a
989	net	zütsük	Ao-Chungli	zətsək	z ə t s ə k
990	seventy	neter	Ao-Chungli	neter	n e t e r
991	to wash(self)	tzü-chigo	Ao-Chungli	ɟ͡ʝə+c͡çʰigo	ɟ͡ʝ ə + c͡çʰ i g o
992	end	tatüm	Ao-Chungli	tatəm	t a t ə m
993	to sleep	mejanga	Ao-Chungli	meɟ͡ʝaŋa	m e ɟ͡ʝ a ŋ a
994	to sleep	ayip	Ao-Chungli	ajip	a j i p
995	hoe	kotrang	Ao-Chungli	kotraŋ	k o t r a ŋ
996	brother(younger)	tenu	Ao-Chungli	tenu	t e n u
997	rice-beer	yi	Ao-Chungli	ji	j i
998	on	ma	Ao-Chungli	ma	m a
999	on	manung	Ao-Chungli	manuŋ	m a n u ŋ
1000	to do	inyak	Ao-Chungli	injak	i n j a k
1001	ant(black)	mejanak	Ao-Chungli	meɟ͡ʝanak	m e ɟ͡ʝ a n a k
1002	to heal	anüp	Ao-Chungli	anəp	a n ə p
1003	to sew	arer	Ao-Chungli	arer	a r e r
1004	to wish	nü	Ao-Chungli	nə	n ə
1005	basket(generic)	molok	Ao-Chungli	molok	m o l o k
1006	plate	so	Ao-Chungli	so	s o
1007	outside	tezülen	Ao-Chungli	tezəlen	t e z ə l e n
1008	uncle		Ao-Chungli		
1009	narrow	temesü	Ao-Chungli	temesə	t e m e s ə
1010	dumb	swarür	Ao-Chungli	swarər	s w a r ə r
1011	beetle		Ao-Chungli		
1012	crab	tsungen	Ao-Chungli	tsuŋen	t s u ŋ e n
1013	heart	temulungjang	Ao-Chungli	temuluŋɟ͡ʝaŋ	t e m u l u ŋ ɟ͡ʝ a ŋ
1014	garden	atsüki	Ao-Chungli	atsəki	a t s ə k i
1015	ant(white-termite)	shipo	Ao-Chungli	ʃipo	ʃ i p o
1016	finger	temeyong	Ao-Chungli	temejoŋ	t e m e j o ŋ
1017	a ring(finger ring)	küri	Ao-Chungli	kəri	k ə r i
1018	red	temerem	Ao-Chungli	temerem	t e m e r e m
1019	east	anüdoklen	Ao-Chungli	anədoklen	a n ə d o k l e n
1020	to sneeze	hachi	Ao-Chungli	hac͡çʰi	h a c͡çʰ i
1021	to look at	aji	Ao-Chungli	aɟ͡ʝi	a ɟ͡ʝ i
1022	to look at	reprang	Ao-Chungli	repraŋ	r e p r a ŋ
1023	grandchild	sümchir	Ao-Chungli	səmc͡çʰir	s ə m c͡çʰ i r
1024	third	tasembuba	Ao-Chungli	tasembuba	t a s e m b u b a
1025	monkey(langur)		Ao-Chungli		
1026	insect		Ao-Chungli		
1027	pool	awatsüng	Ao-Chungli	awatsəŋ	a w a t s ə ŋ
1028	hornbill	tenam	Ao-Chungli	tenam	t e n a m
1029	to ascend	atu	Ao-Chungli	atu	a t u
1030	to say	ashi	Ao-Chungli	aʃi	a ʃ i
1031	to ask for	mishi	Ao-Chungli	miʃi	m i ʃ i
1032	north	anüolen-tip	Ao-Chungli	anəolen+tip	a n ə o l e n + t i p
1033	to weave	atak	Ao-Chungli	atak	a t a k
1034	torch	milen	Ao-Chungli	milen	m i l e n
1035	they two		Ao-Chungli		
1036	creeper	arer	Ao-Chungli	arer	a r e r
1037	to warn	tekümdangtsü	Ao-Chungli	tekəmdaŋtsə	t e k ə m d a ŋ t s ə
1038	cattle	nashi	Ao-Chungli	naʃi	n a ʃ i
1039	the mind	temulung	Ao-Chungli	temuluŋ	t e m u l u ŋ
1040	to turn(int.)	meyip	Ao-Chungli	mejip	m e j i p
1041	to turn(int.)	anep	Ao-Chungli	anep	a n e p
1042	suddenly	aoksadang	Ao-Chungli	aoksadaŋ	a o k s a d a ŋ
1043	because	kechiaser	Ao-Chungli	kec͡çʰiaser	k e c͡çʰ i a s e r
1044	bird	ozü	Ao-Chungli	ozə	o z ə
1045	we two		Ao-Chungli		
1046	many	aeiga	Ao-Chungli	aeiga	a e i g a
1047	right(correct)	shitak	Ao-Chungli	ʃitak	ʃ i t a k
1048	eight	ti	Ao-Chungli	ti	t i
